numeroControlePNCP,_etl_timestamp,dataPublicacaoPncp,dataVigenciaFim,dataVigenciaInicio,objetoContrato,valorGlobal,valorInicial,orgao_cnpj,orgao_nome
00394460005887-2-002008/2026,2026-05-30T12:03:20.110673+00:00,2026-05-23T00:30:05,2026-06-21T00:00:00,2026-05-22T00:00:00,Alienação de mercadorias apreendidas pela Receita Federal,16000.0,16000.0,00394460005887,MINISTERIO DA ECONOMIA
00394460005887-2-002009/2026,2026-05-30T12:03:20.110673+00:00,2026-05-23T00:30:06,2026-06-21T00:00:00,2026-05-22T00:00:00,Alienação de mercadorias apreendidas pela Receita Federal,12666.0,12666.0,00394460005887,MINISTERIO DA ECONOMIA
00394460005887-2-002010/2026,2026-05-30T12:03:20.110673+00:00,2026-05-23T00:30:06,2026-06-21T00:00:00,2026-05-22T00:00:00,Alienação de mercadorias apreendidas pela Receita Federal,75000.0,75000.0,00394460005887,MINISTERIO DA ECONOMIA
00394460005887-2-002011/2026,2026-05-30T12:03:20.110673+00:00,2026-05-23T00:30:07,2026-06-21T00:00:00,2026-05-22T00:00:00,Alienação de mercadorias apreendidas pela Receita Federal,64505.0,64505.0,00394460005887,MINISTERIO DA ECONOMIA
00394460005887-2-002012/2026,2026-05-30T12:03:20.110673+00:00,2026-05-23T00:30:08,2026-06-21T00:00:00,2026-05-22T00:00:00,Alienação de mercadorias apreendidas pela Receita Federal,40000.0,40000.0,00394460005887,MINISTERIO DA ECONOMIA
00394460005887-2-002013/2026,2026-05-30T12:03:20.110673+00:00,2026-05-23T00:30:08,2026-06-21T00:00:00,2026-05-22T00:00:00,Alienação de mercadorias apreendidas pela Receita Federal,32000.0,32000.0,00394460005887,MINISTERIO DA ECONOMIA
00394460005887-2-002015/2026,2026-05-30T12:03:20.110673+00:00,2026-05-23T00:30:09,2026-06-21T00:00:00,2026-05-22T00:00:00,Alienação de mercadorias apreendidas pela Receita Federal,32000.0,32000.0,00394460005887,MINISTERIO DA ECONOMIA
00394460005887-2-002016/2026,2026-05-30T12:03:20.110673+00:00,2026-05-23T00:30:10,2026-06-21T00:00:00,2026-05-22T00:00:00,Alienação de mercadorias apreendidas pela Receita Federal,28000.0,28000.0,00394460005887,MINISTERIO DA ECONOMIA
00394460005887-2-002017/2026,2026-05-30T12:03:20.110673+00:00,2026-05-23T00:30:10,2026-06-21T00:00:00,2026-05-22T00:00:00,Alienação de mercadorias apreendidas pela Receita Federal,15691.0,15691.0,00394460005887,MINISTERIO DA ECONOMIA
00394460005887-2-002018/2026,2026-05-30T12:03:20.110673+00:00,2026-05-23T00:30:10,2026-06-21T00:00:00,2026-05-22T00:00:00,Alienação de mercadorias apreendidas pela Receita Federal,15611.0,15611.0,00394460005887,MINISTERIO DA ECONOMIA
00394460005887-2-002019/2026,2026-05-30T12:03:20.110673+00:00,2026-05-23T00:30:11,2026-06-21T00:00:00,2026-05-22T00:00:00,Alienação de mercadorias apreendidas pela Receita Federal,19811.0,19811.0,00394460005887,MINISTERIO DA ECONOMIA
00394460005887-2-002020/2026,2026-05-30T12:03:20.110673+00:00,2026-05-23T00:30:11,2026-06-21T00:00:00,2026-05-22T00:00:00,Alienação de mercadorias apreendidas pela Receita Federal,14500.0,14500.0,00394460005887,MINISTERIO DA ECONOMIA
00394460005887-2-002025/2026,2026-05-30T12:03:20.110673+00:00,2026-05-23T00:30:13,2026-06-21T00:00:00,2026-05-22T00:00:00,Alienação de mercadorias apreendidas pela Receita Federal,7000.0,7000.0,00394460005887,MINISTERIO DA ECONOMIA
00394460005887-2-002026/2026,2026-05-30T12:03:20.110673+00:00,2026-05-23T00:30:14,2026-06-21T00:00:00,2026-05-22T00:00:00,Alienação de mercadorias apreendidas pela Receita Federal,15666.0,15666.0,00394460005887,MINISTERIO DA ECONOMIA
02585924000122-2-003755/2026,2026-05-30T12:03:20.110673+00:00,2026-05-23T01:00:02,2026-11-20T00:00:00,2026-05-22T00:00:00,"O objeto do presente Contrato é a aquisição de gêneros alimentícios destinados ao atendimento do Programa Nacional de Alimentação Escolar – PNAE, no(a) EE PROF. SILVIO OLIVEIRA DOS SANTOS, município de CAMPO GRANDE / MS, conforme especificações e quantitativos estabelecidos no Termo de Referência e na Proposta de Preços.",388.8,388.8,02585924000122,SECRETARIA DE ESTADO DE EDUCACAO DE MATO GROSSO DO SUL
07954480000179-2-016539/2026,2026-05-30T12:03:20.110673+00:00,2026-05-23T01:00:49,2027-05-25T00:00:00,2026-05-25T00:00:00,AQUISIÇÃO - SERVIÇOS DE TERCEIROS - FESTIVIDADES E HOMENAGENS - EEFM SÃO FRANCISCO DE ASSIS - CANINDEZINHO - (SEFOR 3),4548.0,4548.0,07954480000179,ESTADO DO CEARA
07954480000179-2-016540/2026,2026-05-30T12:03:20.110673+00:00,2026-05-23T01:00:52,2027-05-05T00:00:00,2026-05-11T00:00:00,MANUTENÇÃO E CONSERVAÇÃO DE BENS IMÓVEIS - EEEP FRANCISCA DE ALBUQUERQUE MOURA - CEDRO - CREDE 17,10689.44,10689.44,07954480000179,ESTADO DO CEARA
07954480000179-2-016541/2026,2026-05-30T12:03:20.110673+00:00,2026-05-23T01:00:58,2027-05-26T00:00:00,2026-05-26T00:00:00,AQUISIÇÃO DE GÊNEROS ALIMENTÍCIOS - COTAÇÃO ELETRÔNICA - CEJA PROFESSORA CECY CIALDINE - SOBRAL - CREDE 6 -,3286.0,3286.0,07954480000179,ESTADO DO CEARA
07954480000179-2-016542/2026,2026-05-30T12:03:20.110673+00:00,2026-05-23T01:01:01,2027-05-26T00:00:00,2026-05-26T00:00:00,Aquisição de Estetoscópio pediátrico para Hospital Regional de Crateús - HRCRA.,483.0,483.0,07954480000179,ESTADO DO CEARA
07954480000179-2-016543/2026,2026-05-30T12:03:20.110673+00:00,2026-05-23T01:01:03,2027-05-26T00:00:00,2026-05-26T00:00:00,LOCAÇÃO DE VEÍCULOS - EEMTI ADRIÃO DO VALE NUVENS - SANTANA DO CARIRI - CREDE 18,32500.0,32500.0,07954480000179,ESTADO DO CEARA
07954480000179-2-016544/2026,2026-05-30T12:03:20.110673+00:00,2026-05-23T01:01:08,2027-05-20T00:00:00,2026-05-25T00:00:00,GÊNEROS DE ALIMENTAÇÃO - LICEU DE BATURITÉ DOMINGOS SÁVIO - BATURITE - CREDE 8,46598.55,46598.55,07954480000179,ESTADO DO CEARA
07954480000179-2-016545/2026,2026-05-30T12:03:20.110673+00:00,2026-05-23T01:01:12,2027-05-10T00:00:00,2026-05-11T00:00:00,LIMPEZA E CONSERVAÇÃO - EEMTI ESTADO DO PARANÁ - (SEFOR 3),560.0,560.0,07954480000179,ESTADO DO CEARA
07954480000179-2-016546/2026,2026-05-30T12:03:20.110673+00:00,2026-05-23T01:01:18,2027-05-26T00:00:00,2026-05-26T00:00:00,MANUTENÇÃO E CONSERVAÇÃO DE MÁQUINAS E EQUIPAMENTOS - CENTRO CEARENSE DE IDIOMAS - UNIDADE CASCAVEL - CREDE 9,1290.0,1290.0,07954480000179,ESTADO DO CEARA
07954480000179-2-016547/2026,2026-05-30T12:03:20.110673+00:00,2026-05-23T01:01:22,2027-05-01T00:00:00,2026-05-07T00:00:00,MATERIAL ELÉTRICO E ELETRÔNICO - EEMTI FRANCISCO MOREIRA FILHO - TABULEIRO DO NORTE - CREDE 10,300.0,300.0,07954480000179,ESTADO DO CEARA
07954480000179-2-016548/2026,2026-05-30T12:03:20.110673+00:00,2026-05-23T01:01:33,2027-05-25T00:00:00,2026-05-25T00:00:00,CONTRATAÇÃO DE EMPRESA PARA A LIMPEZA E CONSERVAÇÃO - LIMPEZA DA CAIXA D'ÁGUA E DEDETIZAÇÃO - DA EEMTI MONSENHOR LINHARES PARA A MANUTENÇÃO DA EEMTI MONSENHOR LINHARES. GROAIRAS - CREDE 6 -,1600.0,1600.0,07954480000179,ESTADO DO CEARA
07954480000179-2-016549/2026,2026-05-30T12:03:20.110673+00:00,2026-05-23T01:01:38,2027-04-20T00:00:00,2026-05-25T00:00:00,"AQUISIÇÃO - SERVIÇOS DE TERCEIROS -OUTROS SERVIÇOS DE TERCEIROS-MANUTENÇÃO DE CÂMERAS DE SEGURANÇA, EM FAVOR DA EEEP DR NAPOLEÃO NEVES DA LUZ - JARDIM - CREDE 19",2800.0,2800.0,07954480000179,ESTADO DO CEARA
07954480000179-2-016550/2026,2026-05-30T12:03:20.110673+00:00,2026-05-23T01:01:40,2027-05-25T00:00:00,2026-05-25T00:00:00,LIMPEZA E CONSERVAÇÃO - PODA E CAPINA  - CENTRO DE REFERÊNCIA EM EDUCAÇÃO E ATENDIMENTO ESPECIALIZADO DO CEARÁ - CREAECE - FORTALEZA -  (SEFOR 3),17600.0,17600.0,07954480000179,ESTADO DO CEARA
07954480000179-2-016551/2026,2026-05-30T12:03:20.110673+00:00,2026-05-23T01:01:45,2027-05-26T00:00:00,2026-05-26T00:00:00,LIMPEZA E CONSERVAÇÃO - EEMTI LICEU DE MESSEJANA -  (SEFOR 2),2500.0,2500.0,07954480000179,ESTADO DO CEARA
07954480000179-2-016552/2026,2026-05-30T12:03:20.110673+00:00,2026-05-23T01:01:47,2027-05-26T00:00:00,2026-05-26T00:00:00,II AQUISIÇÃO - MATERIAL DE CONSUMO - GÊNEROS DE ALIMENTAÇÃO - CEJA PROFESSORA CECY CIALDINE - SOBRAL - CREDE 6 -,39402.0,39402.0,07954480000179,ESTADO DO CEARA
07954480000179-2-016553/2026,2026-05-30T12:03:20.110673+00:00,2026-05-23T01:01:50,2027-05-25T00:00:00,2026-05-25T00:00:00,II AQUISIÇÃO - MATERIAL DE CONSUMO - GÊNEROS DE ALIMENTAÇÃO - CEJA PROFESSORA CECY CIALDINE - SOBRAL - CREDE 6 -,1620.0,1620.0,07954480000179,ESTADO DO CEARA
07954480000179-2-016554/2026,2026-05-30T12:03:20.110673+00:00,2026-05-23T01:02:00,2026-12-12T00:00:00,2026-05-26T00:00:00,FESTIVIDADES E HOMENAGENS - EEEP PEDRO DE QUEIROZ LIMA - BEBERIBE - CREDE 9,4000.0,4000.0,07954480000179,ESTADO DO CEARA
07954480000179-2-016555/2026,2026-05-30T12:03:20.110673+00:00,2026-05-23T01:02:10,2027-05-26T00:00:00,2026-05-26T00:00:00,GÊNEROS DE ALIMENTAÇÃO - EEMTI SENADOR OSIRES PONTES -  (SEFOR 3),48189.0,48189.0,07954480000179,ESTADO DO CEARA
07954480000179-2-016556/2026,2026-05-30T12:03:20.110673+00:00,2026-05-23T01:02:13,2027-05-26T00:00:00,2026-05-26T00:00:00,FESTIVIDADES E HOMENAGENS - EEMTI JOÃO DE ARAÚJO CARNEIRO - QUIXERAMOBIM - CREDE 12,1800.0,1800.0,07954480000179,ESTADO DO CEARA
07954480000179-2-016557/2026,2026-05-30T12:03:20.110673+00:00,2026-05-23T01:02:15,2027-05-26T00:00:00,2026-05-26T00:00:00,MATERIAL DE CONSUMO - GÊNEROS DE ALIMENTAÇÃO - EEMTI LÍDIA BEZERRA - SABOEIRO - CREDE 18.,2120.0,2120.0,07954480000179,ESTADO DO CEARA
07954480000179-2-016558/2026,2026-05-30T12:03:20.110673+00:00,2026-05-23T01:02:18,2027-05-26T00:00:00,2026-05-26T00:00:00,MANUTENÇÃO E CONSERVAÇÃO DE BENS IMÓVEIS - INCISO l,32199.0,32199.0,07954480000179,ESTADO DO CEARA
07954480000179-2-016559/2026,2026-05-30T12:03:20.110673+00:00,2026-05-23T01:02:56,2027-05-26T00:00:00,2026-05-26T00:00:00,GÁS E OUTROS MATERIAIS ENGARRAFADOS - EEMTI NOEL HUGNEN DE OLIVEIRA PAIVA - (SEFOR 2),7560.0,7560.0,07954480000179,ESTADO DO CEARA
07954480000179-2-016560/2026,2026-05-30T12:03:20.110673+00:00,2026-05-23T01:02:58,2027-05-26T00:00:00,2026-05-26T00:00:00,"SOLICITAÇÃO PARA AQUISIÇÃO DE MATERIAL ODONTOLÓGICO POR MEIO DE DISPENSA DE LICITAÇÃO POR UM PERÍODO DE 12 (DOZE) MESES - ITEM: ALGINATO, PRESA RAPIDA, BAIXO ESCOAMENTO, ALTA FIDELIDADE DE COPIA, EXCELENTE ELASTICIDADE, LIVRE DE POEIRA, TIXOTROPICO, COR E ODOR AGRADAVEL.",53280.0,53280.0,07954480000179,ESTADO DO CEARA
07954480000179-2-016561/2026,2026-05-30T12:03:20.110673+00:00,2026-05-23T01:03:01,2027-05-06T00:00:00,2026-05-12T00:00:00,FESTIVIDADES E HOMENAGENS - EEM LAURO REBOUÇAS DE OLIVEIRA - LIMOEIRO DO NORTE - CREDE 10,12850.0,12850.0,07954480000179,ESTADO DO CEARA
07954480000179-2-016562/2026,2026-05-30T12:03:20.110673+00:00,2026-05-23T01:03:06,2027-05-12T00:00:00,2026-05-13T00:00:00,SERVIÇOS TÉCNICOS E PROFISSIONAIS - EEMTI WILSON GONÇALVES - CRATO - CREDE 18 -,70.0,70.0,07954480000179,ESTADO DO CEARA
07954480000179-2-016563/2026,2026-05-30T12:03:20.110673+00:00,2026-05-23T01:03:10,2027-05-05T00:00:00,2026-05-11T00:00:00,GÊNEROS DE ALIMENTAÇÃO - EEMTI PROFESSOR MIGUEL PORFÍRIO DE LIMA  - ICO  - CREDE 17,10510.3,10510.3,07954480000179,ESTADO DO CEARA
07954480000179-2-016564/2026,2026-05-30T12:03:20.110673+00:00,2026-05-23T01:03:13,2027-05-25T00:00:00,2026-05-25T00:00:00,Gêneros de Alimentação - ESCOLA INDÍGENA TREMEMBÉ JOVENTINO GABRIEL FÉLIX - ITAREMA - CREDE 3.,516.81,516.81,07954480000179,ESTADO DO CEARA
07954480000179-2-016565/2026,2026-05-30T12:03:20.110673+00:00,2026-05-23T01:03:15,2027-05-10T00:00:00,2026-05-11T00:00:00,OUTROS SERVIÇOS DE TERCEIROS - PESSOA JURÍDICA - EEMTI JUVÊNCIO BARRETO - CRATO - CREDE 18,22720.5,22720.5,07954480000179,ESTADO DO CEARA
07954480000179-2-016566/2026,2026-05-30T12:03:20.110673+00:00,2026-05-23T01:03:36,2027-05-20T00:00:00,2026-05-25T00:00:00,"COTAÇÃO ELETRONICA Nº 04/2026 SERVIÇOS DE TERCEIROS - FESTIVIDADES E HOMENAGENS, DESTINADO A MANUTENÇÃO DA EEM FRANCISCO NONATO FREIRE - ALTO SANTO - CREDE 10 -",4495.0,4495.0,07954480000179,ESTADO DO CEARA
07954480000179-2-016567/2026,2026-05-30T12:03:20.110673+00:00,2026-05-23T01:03:40,2027-05-26T00:00:00,2026-05-26T00:00:00,SERVIÇOS GRÁFICOS - EEMTI WILSON GONÇALVES - CRATO - CREDE 18,2198.0,2198.0,07954480000179,ESTADO DO CEARA
07954480000179-2-016568/2026,2026-05-30T12:03:20.110673+00:00,2026-05-23T01:03:43,2027-05-20T00:00:00,2026-05-25T00:00:00,GÁS E OUTROS MATERIAIS ENGARRAFADOS  - EEEP JAIME DA CUNHA REBOUÇAS - ICAPUI - CREDE 10,1244.75,1244.75,07954480000179,ESTADO DO CEARA
07954480000179-2-016569/2026,2026-05-30T12:03:20.110673+00:00,2026-05-23T01:03:45,2027-05-07T00:00:00,2026-05-08T00:00:00,SERVIÇOS GRÁFICOS E EDITORIAIS - EEMTI DEPUTADO ANTÔNIO LEITE TAVARES - BARRO - CREDE 20,3215.0,3215.0,07954480000179,ESTADO DO CEARA
07954480000179-2-016570/2026,2026-05-30T12:03:20.110673+00:00,2026-05-23T01:03:48,2027-05-26T00:00:00,2026-05-26T00:00:00,GÊNEROS DE ALIMENTAÇÃO - EEM ANASTÁCIO ALVES BRAGA - ITAPIPOCA - CREDE 2,4015.0,4015.0,07954480000179,ESTADO DO CEARA
07954480000179-2-016571/2026,2026-05-30T12:03:20.110673+00:00,2026-05-23T01:03:52,2027-05-26T00:00:00,2026-05-26T00:00:00,AQUISIÇÃO DE GÊNEROS ALIMENTÍCIOS EM PROL DA EEMTI CORONEL MURILO SERPA - ITAPIPOCA - CREDE 2 -,8340.0,8340.0,07954480000179,ESTADO DO CEARA
07954480000179-2-016572/2026,2026-05-30T12:03:20.110673+00:00,2026-05-23T01:03:55,2027-05-21T00:00:00,2026-05-26T00:00:00,SERVIÇOS TÉCNICOS PROFISSIONAIS - EEMTI JOSÉ VALDO RIBEIRO RAMOS -  (SEFOR 1),74.99,74.99,07954480000179,ESTADO DO CEARA
07954480000179-2-016573/2026,2026-05-30T12:03:20.110673+00:00,2026-05-23T01:03:57,2027-05-26T00:00:00,2026-05-26T00:00:00,AQUISIÇÃO DE MATERIAL GRAFICO - EEMTI ZÉLIA DE MATOS BRITO - GUARAMIRANGA - CREDE 8 -,524.85,524.85,07954480000179,ESTADO DO CEARA
07954480000179-2-016574/2026,2026-05-30T12:03:20.110673+00:00,2026-05-23T01:04:25,2027-05-13T00:00:00,2026-05-14T00:00:00,"SERVIÇOS DE RECUPERAÇÃO DA COBERTA DO PÁTIO E CIRCULAÇÃO DO HALL DE ENTRADA NA EEMTI CORONEL OSVALDO STUDART
 - CREDE 1",61289.0,61289.0,07954480000179,ESTADO DO CEARA
07954480000179-2-016575/2026,2026-05-30T12:03:20.110673+00:00,2026-05-23T01:04:27,2027-03-21T00:00:00,2026-05-25T00:00:00,MANUTENÇÃO E CONSERVAÇÃO DE BENS IMÓVEIS - EEMTI FLAVIO RIBEIRO LIMA - UBAJARA - CREDE 5,14000.0,14000.0,07954480000179,ESTADO DO CEARA
07954480000179-2-016576/2026,2026-05-30T12:03:20.110673+00:00,2026-05-23T01:04:29,2027-05-26T00:00:00,2026-05-26T00:00:00,"Aquisição emergencial de dietas enterais/orais e módulos nutricionais pediátricos, para um período de 12 (doze ) meses com a empresa INOVA NUTRIÇÃO E PRODUTOS EM SAÚDE LTDA, para atender as necessidades do Hospital Infantil Albert Sabin-HIAS, conforme especificações constantes no Anexo I.",49989.0,49989.0,07954480000179,ESTADO DO CEARA
07954480000179-2-016577/2026,2026-05-30T12:03:20.110673+00:00,2026-05-23T01:04:33,2027-05-10T00:00:00,2026-05-11T00:00:00,MANUTENÇÃO E CONSERVAÇÃO DE MÁQUINAS E EQUIPAMENTOS - EEMTI PROFESSORA MARIETA SANTOS - BELA CRUZ - CREDE 3,19040.0,19040.0,07954480000179,ESTADO DO CEARA
07954480000179-2-016578/2026,2026-05-30T12:03:20.110673+00:00,2026-05-23T01:04:38,2027-05-13T00:00:00,2026-05-14T00:00:00,MANUTENÇÃO E CONSERVAÇÃO DE MÁQUINAS E EQUIPAMENTOS - EEMTI MONSENHOR MANOEL CARLOS DE MORAIS - UMARI - CREDE 17,10989.0,10989.0,07954480000179,ESTADO DO CEARA
07954480000179-2-016579/2026,2026-05-30T12:03:20.110673+00:00,2026-05-23T01:04:53,2027-05-25T00:00:00,2026-05-25T00:00:00,"MATERIAL PARA ÁUDIO, VÍDEO E FOTO - COORDENADORIA ESTADUAL DE FORMAÇÃO DOCENTE E EDUCAÇÃO A DISTÂNCIA - SOBRAL",7525.0,7525.0,07954480000179,ESTADO DO CEARA
07954480000179-2-016580/2026,2026-05-30T12:03:20.110673+00:00,2026-05-23T01:04:56,2027-05-20T00:00:00,2026-05-25T00:00:00,SERVIÇOS GRÁFICOS E EDITORIAIS - EEMTI FRANCISCO JAGUARIBE - JAGUARUANA - CREDE 10,4260.0,4260.0,07954480000179,ESTADO DO CEARA
02585924000122-2-003756/2026,2026-05-30T12:03:20.110673+00:00,2026-05-23T01:05:00,2026-11-20T00:00:00,2026-05-22T00:00:00,"O objeto do presente Contrato é a aquisição de gêneros alimentícios destinados ao atendimento do Programa Nacional de Alimentação Escolar – PNAE, no(a) EE CÍVICO - MILITAR MARÇAL DE SOUZA TUPÃ-Y, município de CAMPO GRANDE / MS, conforme especificações e quantitativos estabelecidos no Termo de Referência e na Proposta de Preços.",4725.0,4725.0,02585924000122,SECRETARIA DE ESTADO DE EDUCACAO DE MATO GROSSO DO SUL
07954480000179-2-016581/2026,2026-05-30T12:03:20.110673+00:00,2026-05-23T01:05:00,2027-05-21T00:00:00,2026-05-26T00:00:00,FORNECIMENTO DE ALIMENTAÇÃO - SEFOR 1,11700.0,11700.0,07954480000179,ESTADO DO CEARA
07954480000179-2-016582/2026,2026-05-30T12:03:20.110673+00:00,2026-05-23T01:05:03,2027-05-26T00:00:00,2026-05-26T00:00:00,SERVIÇOS TÉCNICOS PROFISSIONAIS - ANTONIA NEDINA ONOFRE DE PAIVA - EEEP - ASSARE - CREDE 18,2244.0,2244.0,07954480000179,ESTADO DO CEARA
07954480000179-2-016583/2026,2026-05-30T12:03:20.110673+00:00,2026-05-23T01:05:06,2027-05-26T00:00:00,2026-05-26T00:00:00,SERVIÇOS GRÁFICOS E EDITORIAIS - EEMTI ANTONIO LUIZ COELHO - MARANGUAPE- CREDE 1,2415.0,2415.0,07954480000179,ESTADO DO CEARA
07954480000179-2-016584/2026,2026-05-30T12:03:20.110673+00:00,2026-05-23T01:05:10,2027-05-26T00:00:00,2026-05-26T00:00:00,AQUISIÇÃO DE GÊNEROS ALIMENTÍCIOS EM PROL DA EEMTI CORONEL MURILO SERPA - ITAPIPOCA - CREDE 2 -,4580.0,4580.0,07954480000179,ESTADO DO CEARA
07954480000179-2-016586/2026,2026-05-30T12:03:20.110673+00:00,2026-05-23T01:05:32,2027-05-26T00:00:00,2026-05-26T00:00:00,AQUISIÇÃO DE GêNEROS ALIMENTÍCIOS -EMPRESA OMEGA - CEJA PROFESSOR MOREIRA CAMPOS - (SEFOR 1),19685.0,19685.0,07954480000179,ESTADO DO CEARA
07954480000179-2-016587/2026,2026-05-30T12:03:20.110673+00:00,2026-05-23T01:05:34,2027-05-26T00:00:00,2026-05-26T00:00:00,"ABASTECIMENTO DE ÁGUA POR PESSOA JURÍDICA - 
EEEP FLÁVIO GOMES GRANJEIRO
 -PARAIPABA - CREDE 2",47466.0,47466.0,07954480000179,ESTADO DO CEARA
07954480000179-2-016588/2026,2026-05-30T12:03:20.110673+00:00,2026-05-23T01:05:37,2027-05-25T00:00:00,2026-05-25T00:00:00,TÉCNICOS PROFISSIONAIS - CONTADOR - EEM DR. UBIRAJARA ÍNDIO DO CEARÁ - (SEFOR 3),129.0,129.0,07954480000179,ESTADO DO CEARA
07954480000179-2-016590/2026,2026-05-30T12:03:20.110673+00:00,2026-05-23T01:05:48,2027-03-21T00:00:00,2026-05-25T00:00:00,SERVIÇOS GRÁFICOS E EDITORIAIS - EEMTI ANTONIO VIDAL MALVEIRA - TABULEIRO DO NORTE - CREDE 10,1881.0,1881.0,07954480000179,ESTADO DO CEARA
07954480000179-2-016592/2026,2026-05-30T12:03:20.110673+00:00,2026-05-23T01:05:53,2027-05-26T00:00:00,2026-05-26T00:00:00,AQUISIÇÃO - MATERIAL DE CONSUMO - GÁS ENGARRAFADO - ANTONIA NEDINA ONOFRE DE PAIVA - EEEP - CREDE 18.,1947.0,1947.0,07954480000179,ESTADO DO CEARA
07954480000179-2-016593/2026,2026-05-30T12:03:20.110673+00:00,2026-05-23T01:05:56,2027-05-06T00:00:00,2026-05-07T00:00:00,SERVIÇO DE MANUTENÇÃO DE BENS IMÓVEIS - REPASSE PARA MANUTENÇÃO - EEEP COMENDADOR MIGUEL GURGEL - (SEFOR 2),18900.0,18900.0,07954480000179,ESTADO DO CEARA
07954480000179-2-016594/2026,2026-05-30T12:03:20.110673+00:00,2026-05-23T01:06:04,2027-05-21T00:00:00,2026-05-26T00:00:00,TEM COMO OBJETIVO OS SERVIÇOS DE CONTADOR PARA ATENDER A AGENDA TRIBUTÁRIA DA EEMTI FRANCISCO GUERREIRO CHAVES - SAO JOAO DO JAGUARIBE - CREDE 10.,195.0,195.0,07954480000179,ESTADO DO CEARA
07954480000179-2-016595/2026,2026-05-30T12:03:20.110673+00:00,2026-05-23T01:06:09,2027-05-26T00:00:00,2026-05-26T00:00:00,GÊNEROS DE ALIMENTAÇÃO - ESCOLA INDÍGENA DA PONTE - CAUCAIA - CREDE 1,39796.5,39796.5,07954480000179,ESTADO DO CEARA
07954480000179-2-016596/2026,2026-05-30T12:03:20.110673+00:00,2026-05-23T01:06:11,2027-05-20T00:00:00,2026-05-25T00:00:00,"CONFECÇÃO DE UNIFORMES, BANDEIRAS E FLÂMULAS - EEMTI FRANCISCO JAGUARIBE - JAGUARUANA - CREDE 10",4212.0,4212.0,07954480000179,ESTADO DO CEARA
07954480000179-2-016598/2026,2026-05-30T12:03:20.110673+00:00,2026-05-23T01:06:22,2027-05-26T00:00:00,2026-05-26T00:00:00,FESTIVIDADES E HOMENAGENS - EEEP LUIZ GONZAGA FONSECA MOTA - AMONTADA - CREDE 2,1325.0,1325.0,07954480000179,ESTADO DO CEARA
07954480000179-2-016599/2026,2026-05-30T12:03:20.110673+00:00,2026-05-23T01:07:13,2027-05-26T00:00:00,2026-05-26T00:00:00,Aquisição de Termômetro Clínico Digital para Hospital Regional de Crateús - HRCRA.,365.2,365.2,07954480000179,ESTADO DO CEARA
07954480000179-2-016600/2026,2026-05-30T12:03:20.110673+00:00,2026-05-23T01:07:16,2027-05-26T00:00:00,2026-05-26T00:00:00,Contratação de serviços técnicos profissionais (contador) para assessorar esta unidade de ensino - EEFM JOAQUIM ALVES - (SEFOR 3),130.0,130.0,07954480000179,ESTADO DO CEARA
07954480000179-2-016601/2026,2026-05-30T12:03:20.110673+00:00,2026-05-23T01:07:21,2027-05-21T00:00:00,2026-05-26T00:00:00,FESTIVIDADES E HOMENAGENS - EEMTI FRANKLIN TÁVORA - ITAPIUNA - CREDE 8,3999.0,3999.0,07954480000179,ESTADO DO CEARA
07954480000179-2-016603/2026,2026-05-30T12:03:20.110673+00:00,2026-05-23T01:07:34,2027-05-07T00:00:00,2026-05-08T00:00:00,SERVIÇOS GRÁFICOS E EDITORIAIS - EEMTI PADRE AMORIM - MISSAO VELHA - CREDE 20,4955.0,4955.0,07954480000179,ESTADO DO CEARA
07954480000179-2-016604/2026,2026-05-30T12:03:20.110673+00:00,2026-05-23T01:08:08,2027-05-26T00:00:00,2026-05-26T00:00:00,LIMPEZA E CONSERVAÇÃO - EEFM JOAQUIM ALVES -  (SEFOR 3) /,840.0,840.0,07954480000179,ESTADO DO CEARA
07954480000179-2-016605/2026,2026-05-30T12:03:20.110673+00:00,2026-05-23T01:08:12,2027-05-25T00:00:00,2026-05-25T00:00:00,LIMPEZA E CONSERVAÇÃO - EEMTI LUIZ GONZAGA DE ALCÂNTARA - TARRAFAS - CREDE 18,1696.0,1696.0,07954480000179,ESTADO DO CEARA
07954480000179-2-016606/2026,2026-05-30T12:03:20.110673+00:00,2026-05-23T01:08:15,2026-11-22T00:00:00,2026-05-26T00:00:00,GÊNEROS DE ALIMENTAÇÃO - EEMTI JOÃO BARBOSA LIMA - TAICABA - CREDE 10,4308.0,4308.0,07954480000179,ESTADO DO CEARA
07954480000179-2-016607/2026,2026-05-30T12:03:20.110673+00:00,2026-05-23T01:08:17,2027-05-26T00:00:00,2026-05-26T00:00:00,MANUTENÇÃO E CONSERVAÇÃO DE BENS IMÓVEIS - EEMTI VEREADORA EDIMAR MARTINS DA CUNHA - ITAPIUNA - CREDE 8,11844.0,11844.0,07954480000179,ESTADO DO CEARA
07954480000179-2-016608/2026,2026-05-30T12:03:20.110673+00:00,2026-05-23T01:08:19,2027-05-25T00:00:00,2026-05-25T00:00:00,Serviço de Terceiros - Serviço de Contabilidade - EEMTI GERARDO MAJELLA MELLO MOURÃO - IPUEIRAS - CREDE 13 -,449.99,449.99,07954480000179,ESTADO DO CEARA
07954480000179-2-016610/2026,2026-05-30T12:03:20.110673+00:00,2026-05-23T01:08:26,2027-03-02T00:00:00,2026-05-07T00:00:00,GÊNEROS DE ALIMENTAÇÃO - EEMTI ANTONIO VIDAL MALVEIRA - TABULEIRO DO NORTE - CREDE 10,17975.0,17975.0,07954480000179,ESTADO DO CEARA
07954480000179-2-016611/2026,2026-05-30T12:03:20.110673+00:00,2026-05-23T01:08:29,2027-05-25T00:00:00,2026-05-25T00:00:00,MANUTENÇÃO DE MAQUINAS E EQUIPMENTOS - EEMTI PROFESSORA MARIA LUIZA SABOIA RIBEIRO - PARACURU - CREDE 2,6110.0,6110.0,07954480000179,ESTADO DO CEARA
07954480000179-2-016612/2026,2026-05-30T12:03:20.110673+00:00,2026-05-23T01:08:32,2027-05-25T00:00:00,2026-05-25T00:00:00,"Aquisição de LIQUIDIFICADOR, para atender à rede pública
estadual da Secretaria da Educação do Estado do Ceará.",22197.0,22197.0,07954480000179,ESTADO DO CEARA
07954480000179-2-016613/2026,2026-05-30T12:03:20.110673+00:00,2026-05-23T01:09:02,2027-05-25T00:00:00,2026-05-25T00:00:00,FESTIVIDADES E HOMENAGENS - CENTRO DE REFERÊNCIA EM EDUCAÇÃO E ATENDIMENTO ESPECIALIZADO DO CEARÁ - CREAECE - FORTALEZA - (SEFOR 3),11775.0,11775.0,07954480000179,ESTADO DO CEARA
07954480000179-2-016614/2026,2026-05-30T12:03:20.110673+00:00,2026-05-23T01:09:06,2027-05-20T00:00:00,2026-05-25T00:00:00,AQUISIÇÃO DE MATERIAL PARA FESTIVIDADES E HOMENAGENS - FORTALEZA - SEFOR 1.,47420.0,47420.0,07954480000179,ESTADO DO CEARA
07954480000179-2-016615/2026,2026-05-30T12:03:20.110673+00:00,2026-05-23T01:09:10,2027-05-26T00:00:00,2026-05-26T00:00:00,Aquisição de Estetoscópio Adulto para Hospital Regional de Crateús - HRCRA.,1119.38,1119.38,07954480000179,ESTADO DO CEARA
07954480000179-2-016616/2026,2026-05-30T12:03:20.110673+00:00,2026-05-23T01:09:14,2027-05-26T00:00:00,2026-05-26T00:00:00,Gêneros Alimentação - ESCOLA INDÍGENA TREMEMBÉ JOVENTINO GABRIEL FÉLIX - ITAREMA - CREDE 3.,1251.6,1251.6,07954480000179,ESTADO DO CEARA
07954480000179-2-016617/2026,2026-05-30T12:03:20.110673+00:00,2026-05-23T01:09:15,2027-05-26T00:00:00,2026-05-26T00:00:00,SERVIÇOS GRÁFICOS - EEMTI WILSON GONÇALVES - CRATO - CREDE 18,519.95,519.95,07954480000179,ESTADO DO CEARA
07954480000179-2-016618/2026,2026-05-30T12:03:20.110673+00:00,2026-05-23T01:09:47,2027-05-25T00:00:00,2026-05-25T00:00:00,MATERIAL DE CONSUMO - GÊNEROS DE ALIMEMNTAÇÃO PARA A EEMTI LÍDIA BEZERRA - CREDE 18,3969.5,3969.5,07954480000179,ESTADO DO CEARA
07954480000179-2-016619/2026,2026-05-30T12:03:20.110673+00:00,2026-05-23T01:09:50,2027-05-11T00:00:00,2026-05-12T00:00:00,OUTROS SERVIÇOS DE TERCEIROS - PESSOA JURÍDICA - EEMTI SÃO SEBASTIÃO - APUIARES - CREDE 2,149.0,149.0,07954480000179,ESTADO DO CEARA
07954480000179-2-016620/2026,2026-05-30T12:03:20.110673+00:00,2026-05-23T01:09:54,2027-05-21T00:00:00,2026-05-26T00:00:00,GÁS E OUTROS MATERIAIS ENGARRAFADOS - EEMTI DEPUTADO PAULINO ROCHA - SEFOR 2,11780.0,11780.0,07954480000179,ESTADO DO CEARA
07954480000179-2-016621/2026,2026-05-30T12:03:20.110673+00:00,2026-05-23T01:10:00,2027-05-26T00:00:00,2026-05-26T00:00:00,"DISPENSA DE LICITAÇÃO PARA AQUISIÇÃO DE MATERIAL MÉDICO HOSPITALAR (FILTRO HIDROFÓBICO/HIGROSCÓPICO ¿ TIPO HMEF e FILTRO BACTERIANO/VIRAL TIPO HEPA), POR UM PERÍODO DE 12 (DOZE) MESES, PARA ATENDER ÀS NECESSIDADES DO HOSPITAL GERAL DE FORTALEZA (HGF), VINCULADO À SECRETARIA DA SAÚDE DO ESTADO DO CEARÁ (SESA).",31200.0,31200.0,07954480000179,ESTADO DO CEARA
02585924000122-2-003757/2026,2026-05-30T12:03:20.110673+00:00,2026-05-23T01:10:01,2026-11-20T00:00:00,2026-05-22T00:00:00,"O objeto do presente Contrato é a aquisição de gêneros alimentícios destinados ao atendimento do Programa Nacional de Alimentação Escolar – PNAE, no(a) EE PROF. ANTÔNIO PINTO PEREIRA, município de JARDIM / MS, conforme especificações e quantitativos estabelecidos no Termo de Referência e na Proposta de Preços.",4379.0,4379.0,02585924000122,SECRETARIA DE ESTADO DE EDUCACAO DE MATO GROSSO DO SUL
07954480000179-2-016622/2026,2026-05-30T12:03:20.110673+00:00,2026-05-23T01:10:03,2027-05-08T00:00:00,2026-05-14T00:00:00,SERVIÇOS DE TERCEIROS - MANUTENÇÃO E CONSERVAÇÃO DE BENS IMÓVEIS - EEEP DOUTOR JOSÉ IRAN COSTA - CREDE 17.,25236.74,25236.74,07954480000179,ESTADO DO CEARA
07954480000179-2-016623/2026,2026-05-30T12:03:20.110673+00:00,2026-05-23T01:10:09,2027-05-26T00:00:00,2026-05-26T00:00:00,GÁS E OUTROS MATERIAIS ENGARRAFADOS - EEMTI RAIMUNDO NONATO CARLOS DOS SANTOS - BEBERIBE - CREDE 9,10080.0,10080.0,07954480000179,ESTADO DO CEARA
07954480000179-2-016624/2026,2026-05-30T12:03:20.110673+00:00,2026-05-23T01:10:11,2027-05-07T00:00:00,2026-05-08T00:00:00,GÁS E OUTROS MATERIAIS ENGARRAFADOS - ESCOLA INDÍGENA ALTO DA CATINGUEIRA - TAMBORIL - CREDE 13,5040.0,5040.0,07954480000179,ESTADO DO CEARA
07954480000179-2-016625/2026,2026-05-30T12:03:20.110673+00:00,2026-05-23T01:10:36,2027-05-21T00:00:00,2026-05-26T00:00:00,FORNECIMENTO DE ALIMENTAÇÃO - SEFOR 1,29040.4,29040.4,07954480000179,ESTADO DO CEARA
13676986000166-2-000019/2026,2026-05-30T12:03:20.110673+00:00,2026-05-23T01:50:18,2026-11-05T00:00:00,2026-05-06T00:00:00,"Contratação de empresa especializada em engenharia elétrica, devidamente habilitada e com registro ativo no CREA, para elaboração de projetos técnicos de engenharia elétrica destinados ao Parque de Exposições Agropecuárias Prefeito Adauto Prates, no Município de Ibiassucê - BA, compreendendo projeto elétrico completo de baixa e média tensão e projeto de subestação de energia.",11000.0,11000.0,13676986000166,MUNICIPIO DE IBIASSUCE
94703964000140-2-000093/2026,2026-05-30T12:03:20.110673+00:00,2026-05-23T02:18:10,2026-06-11T00:00:00,2026-05-22T00:00:00,PNEUS,6920.0,6920.0,94703964000140,MUNICIPIO DE GRAMADO DOS LOUREIROS
94703964000140-2-000094/2026,2026-05-30T12:03:20.110673+00:00,2026-05-23T02:18:10,2026-06-11T00:00:00,2026-05-22T00:00:00,PNEUS,14509.44,14509.44,94703964000140,MUNICIPIO DE GRAMADO DOS LOUREIROS
87502886000150-2-000125/2026,2026-05-30T12:03:20.110673+00:00,2026-05-23T03:13:04,2026-06-06T00:00:00,2026-05-22T00:00:00,"Aquisição de material de higiene e limpeza, a fim de atender às demandas dos municípios consorciados ao CP – CISGA, conforme condições e exigências estabelecidas neste instrumento.",348.24,348.24,87502886000150,MUNICIPIO DE PARAI
87502886000150-2-000126/2026,2026-05-30T12:03:20.110673+00:00,2026-05-23T03:13:05,2026-06-06T00:00:00,2026-05-22T00:00:00,"Aquisição de INSUMOS, MEDICAMENTOS DE USO HUMANO, KIT DE TESTES RÁPIDOS (kit teste rápido combo antígeno SARS-COV2 e INFLUENZA A+B) e KIT DE TESTES RÁPIDOS para detecção do antígeno ns1 dos quatro sorotipos do VÍRUS DA DENGUE (FLAVIVÍRUS 1, 2, 3 e 4), através do sistema de Registro de Preços, para atender às demandas das secretarias de saúde dos municípios consorciados ao CP – CISGA",15360.0,15360.0,87502886000150,MUNICIPIO DE PARAI
89848949000150-2-000206/2026,2026-05-30T12:03:20.110673+00:00,2026-05-23T03:13:05,2026-06-06T00:00:00,2026-05-22T00:00:00,"Aquisição de MATERIAL DE EXPEDIENTE E PARA ARTESANATO, através do sistema de Registro de Preços, para atender às demandas das secretarias dos municípios consorciados ao CP – CISGA",255.0,255.0,89848949000150,MUNICIPIO DE FARROUPILHA
87849923000109-2-000476/2026,2026-05-30T12:03:20.110673+00:00,2026-05-23T03:13:06,2026-06-06T00:00:00,2026-05-22T00:00:00,"AQUISIÇÃO DE PNEUS, CÂMARAS DE AR E PROTETORES DE CÂMARAS  DE AR NOVOS, PARA ATENDER ÀS NECESSIDADES DEMANDADAS PELOS  MUNICÍPIOS CONSORCIADOS AO CP – CISGA",1104.4,1104.4,87849923000109,MUNICIPIO DE BENTO GONCALVES
87502902000104-2-000140/2026,2026-05-30T12:03:20.110673+00:00,2026-05-23T03:13:06,2026-06-06T00:00:00,2026-05-22T00:00:00,"Aquisição de MATERIAL DE EXPEDIENTE E PARA ARTESANATO, através do sistema de Registro de Preços, para atender às demandas das secretarias dos municípios consorciados ao CP – CISGA",116.8,116.8,87502902000104,MUNICIPIO DE NOVA ARACA
87502902000104-2-000141/2026,2026-05-30T12:03:20.110673+00:00,2026-05-23T03:14:27,2026-06-06T00:00:00,2026-05-22T00:00:00,"Aquisição de MATERIAL DE EXPEDIENTE E PARA ARTESANATO, através do sistema de Registro de Preços, para atender às demandas das secretarias dos municípios consorciados ao CP – CISGA",2865.0,2865.0,87502902000104,MUNICIPIO DE NOVA ARACA
14007211000160-2-000869/2026,2026-05-30T12:03:20.110673+00:00,2026-05-23T03:16:05,2026-06-11T00:00:00,2026-05-21T00:00:00,MEDICAMENTOS E SUPLEMENTOS,8064.0,8064.0,14007211000160,FUNDO MUNICIPAL DE SAUDE DE JARAGUA DO SUL
14007211000160-2-000870/2026,2026-05-30T12:03:20.110673+00:00,2026-05-23T03:16:05,2026-06-11T00:00:00,2026-05-21T00:00:00,MEDICAMENTOS E SUPLEMENTOS,3657.6,3657.6,14007211000160,FUNDO MUNICIPAL DE SAUDE DE JARAGUA DO SUL
11228769000188-2-000048/2026,2026-05-30T12:03:20.110673+00:00,2026-05-23T03:16:11,2026-06-11T00:00:00,2026-05-21T00:00:00,MEDICAMENTOS E SUPLEMENTOS,5690.0,5690.0,11228769000188,FUNDO MUNICIPAL DA SAUDE DE BALNEARIO BARRA DO SUL
01877528000106-2-000091/2026,2026-05-30T12:03:20.110673+00:00,2026-05-23T03:16:12,2026-06-11T00:00:00,2026-05-21T00:00:00,MEDICAMENTOS E SUPLEMENTOS,4817.0,4817.0,01877528000106,FUNDO MUNICIPAL DE SAUDE DE BARRA VELHA
01877528000106-2-000092/2026,2026-05-30T12:03:20.110673+00:00,2026-05-23T03:16:12,2026-06-11T00:00:00,2026-05-21T00:00:00,MEDICAMENTOS E SUPLEMENTOS,3534.72,3534.72,01877528000106,FUNDO MUNICIPAL DE SAUDE DE BARRA VELHA
01877528000106-2-000093/2026,2026-05-30T12:03:20.110673+00:00,2026-05-23T03:16:18,2026-06-11T00:00:00,2026-05-21T00:00:00,MEDICAMENTOS E SUPLEMENTOS,1633.8,1633.8,01877528000106,FUNDO MUNICIPAL DE SAUDE DE BARRA VELHA
89848949000150-2-000207/2026,2026-05-30T12:03:20.110673+00:00,2026-05-23T03:16:19,2026-06-06T00:00:00,2026-05-22T00:00:00,"Aquisição de MATERIAL DE EXPEDIENTE E PARA ARTESANATO, através do sistema de Registro de Preços, para atender às demandas das secretarias dos municípios consorciados ao CP – CISGA",181.6,181.6,89848949000150,MUNICIPIO DE FARROUPILHA
11290534000116-2-000035/2026,2026-05-30T12:03:20.110673+00:00,2026-05-23T03:16:23,2026-06-11T00:00:00,2026-05-22T00:00:00,MEDICAMENTOS E SUPLEMENTOS,2494.98,2494.98,11290534000116,FUNDO MUNICIPAL DE SAUDE DO MUNICIPIO DE SCHROEDER
11290534000116-2-000036/2026,2026-05-30T12:03:20.110673+00:00,2026-05-23T03:16:24,2026-06-11T00:00:00,2026-05-22T00:00:00,MEDICAMENTOS E SUPLEMENTOS,360.45,360.45,11290534000116,FUNDO MUNICIPAL DE SAUDE DO MUNICIPIO DE SCHROEDER
11290534000116-2-000037/2026,2026-05-30T12:03:20.110673+00:00,2026-05-23T03:16:24,2026-06-11T00:00:00,2026-05-22T00:00:00,MEDICAMENTOS E SUPLEMENTOS,828.0,828.0,11290534000116,FUNDO MUNICIPAL DE SAUDE DO MUNICIPIO DE SCHROEDER
11290534000116-2-000038/2026,2026-05-30T12:03:20.110673+00:00,2026-05-23T03:16:25,2026-06-11T00:00:00,2026-05-22T00:00:00,MEDICAMENTOS E SUPLEMENTOS,146.9,146.9,11290534000116,FUNDO MUNICIPAL DE SAUDE DO MUNICIPIO DE SCHROEDER
11290534000116-2-000039/2026,2026-05-30T12:03:20.110673+00:00,2026-05-23T03:16:25,2026-06-11T00:00:00,2026-05-22T00:00:00,MEDICAMENTOS E SUPLEMENTOS,144.0,144.0,11290534000116,FUNDO MUNICIPAL DE SAUDE DO MUNICIPIO DE SCHROEDER
11290534000116-2-000040/2026,2026-05-30T12:03:20.110673+00:00,2026-05-23T03:16:26,2026-06-11T00:00:00,2026-05-22T00:00:00,MEDICAMENTOS E SUPLEMENTOS,539.8,539.8,11290534000116,FUNDO MUNICIPAL DE SAUDE DO MUNICIPIO DE SCHROEDER
11511812000118-2-000026/2026,2026-05-30T12:03:20.110673+00:00,2026-05-23T03:18:13,2026-06-06T00:00:00,2026-05-13T00:00:00,"MATERIAL DE HIGIENE, LIMPEZA, COPA E COZINHA",145.6,145.6,11511812000118,FUNDO MUNICIPAL DE SAUDE DO MUNICIPIO DE MODELO SC
82821190000172-2-000632/2026,2026-05-30T12:03:20.110673+00:00,2026-05-23T03:19:28,2026-06-06T00:00:00,2026-05-21T00:00:00,MATERIAIS ODONTOLÓGICOS,1175.2,1175.2,82821190000172,MUNICIPIO DE MARAVILHA
82821190000172-2-000633/2026,2026-05-30T12:03:20.110673+00:00,2026-05-23T03:19:30,2026-06-06T00:00:00,2026-05-19T00:00:00,"MATERIAL DE HIGIENE, LIMPEZA, COPA E COZINHA",1516.0,1516.0,82821190000172,MUNICIPIO DE MARAVILHA
13019629000125-2-000018/2026,2026-05-30T12:03:20.110673+00:00,2026-05-23T03:19:30,2026-06-06T00:00:00,2026-05-22T00:00:00,MATERIAIS HIDRÁULICOS (ESTAÇÃO DE TRATAMENTO DE ÁGUA E ESGOTO),117.0,117.0,13019629000125,SERVICO AUTONOMO DE AGUA E ESGOTO - SAMAE
83028415000109-2-000999/2026,2026-05-30T12:03:20.110673+00:00,2026-05-23T03:19:31,2026-06-06T00:00:00,2026-05-21T00:00:00,"MATERIAL DE HIGIENE, LIMPEZA, COPA E COZINHA",101.4,101.4,83028415000109,MUNICIPIO DE MONDAI
11423342000130-2-000170/2026,2026-05-30T12:03:20.110673+00:00,2026-05-23T03:19:31,2026-06-06T00:00:00,2026-05-22T00:00:00,MATERIAIS ODONTOLÓGICOS,104.8,104.8,11423342000130,FUNDO MUNICIPAL DE SAUDE DE BELMONTE
82821174000180-2-000793/2026,2026-05-30T12:03:20.110673+00:00,2026-05-23T03:19:32,2026-06-06T00:00:00,2026-05-19T00:00:00,"MATERIAL DE HIGIENE, LIMPEZA, COPA E COZINHA",405.6,405.6,82821174000180,MUNICIPIO DE SAO MIGUEL D'OESTE
12273240000149-2-000056/2026,2026-05-30T12:03:20.110673+00:00,2026-05-23T03:20:47,2026-06-06T00:00:00,2026-05-22T00:00:00,MEDICAMENTOS,3344.64,3344.64,12273240000149,FUNDO MUNICIPAL DE SAUDE DE TUNAPOLIS
12273240000149-2-000057/2026,2026-05-30T12:03:20.110673+00:00,2026-05-23T03:20:53,2026-06-06T00:00:00,2026-05-22T00:00:00,MEDICAMENTOS,180.0,180.0,12273240000149,FUNDO MUNICIPAL DE SAUDE DE TUNAPOLIS
12273240000149-2-000058/2026,2026-05-30T12:03:20.110673+00:00,2026-05-23T03:20:53,2026-06-06T00:00:00,2026-05-22T00:00:00,MEDICAMENTOS,1224.2,1224.2,12273240000149,FUNDO MUNICIPAL DE SAUDE DE TUNAPOLIS
12273240000149-2-000059/2026,2026-05-30T12:03:20.110673+00:00,2026-05-23T03:20:59,2026-06-06T00:00:00,2026-05-22T00:00:00,MEDICAMENTOS,5093.1,5093.1,12273240000149,FUNDO MUNICIPAL DE SAUDE DE TUNAPOLIS
83024687000122-2-000451/2026,2026-05-30T12:03:20.110673+00:00,2026-05-23T03:21:25,2026-06-06T00:00:00,2026-05-12T00:00:00,"MATERIAL DE HIGIENE, LIMPEZA, COPA E COZINHA",101.92,101.92,83024687000122,MUNICIPIO DE ANCHIETA
12273240000149-2-000060/2026,2026-05-30T12:03:20.110673+00:00,2026-05-23T03:22:10,2026-06-06T00:00:00,2026-05-22T00:00:00,MEDICAMENTOS,69.75,69.75,12273240000149,FUNDO MUNICIPAL DE SAUDE DE TUNAPOLIS
12273240000149-2-000061/2026,2026-05-30T12:03:20.110673+00:00,2026-05-23T03:22:21,2026-06-06T00:00:00,2026-05-22T00:00:00,MEDICAMENTOS,294.7,294.7,12273240000149,FUNDO MUNICIPAL DE SAUDE DE TUNAPOLIS
12273240000149-2-000062/2026,2026-05-30T12:03:20.110673+00:00,2026-05-23T03:22:47,2026-06-06T00:00:00,2026-05-22T00:00:00,MEDICAMENTOS,424.3,424.3,12273240000149,FUNDO MUNICIPAL DE SAUDE DE TUNAPOLIS
12273240000149-2-000063/2026,2026-05-30T12:03:20.110673+00:00,2026-05-23T03:23:38,2026-06-06T00:00:00,2026-05-22T00:00:00,MEDICAMENTOS,2250.0,2250.0,12273240000149,FUNDO MUNICIPAL DE SAUDE DE TUNAPOLIS
12273240000149-2-000064/2026,2026-05-30T12:03:20.110673+00:00,2026-05-23T03:23:38,2026-06-06T00:00:00,2026-05-22T00:00:00,MEDICAMENTOS,81.2,81.2,12273240000149,FUNDO MUNICIPAL DE SAUDE DE TUNAPOLIS
01566620000155-2-000096/2026,2026-05-30T12:03:20.110673+00:00,2026-05-23T03:23:39,2026-06-11T00:00:00,2026-05-22T00:00:00,MATERIAL DE EXPEDIENTE E DIDÁTICO,574.9,574.9,01566620000155,MUNICIPIO DE TIGRINHOS
11873495000180-2-000117/2026,2026-05-30T12:03:20.110673+00:00,2026-05-23T03:23:39,2026-06-06T00:00:00,2026-05-22T00:00:00,MATERIAIS ODONTOLÓGICOS,102.0,102.0,11873495000180,FUNDO MUNICIPAL DE SAUDE DE BARRA BONITA
85361863000147-2-000271/2026,2026-05-30T12:03:20.110673+00:00,2026-05-23T03:23:40,2026-06-06T00:00:00,2026-05-22T00:00:00,MATERIAIS DE EXPEDIENTE E CORRELATOS,867.32,867.32,85361863000147,MUNICIPIO DE PALMITOS
83028415000109-2-001000/2026,2026-05-30T12:03:20.110673+00:00,2026-05-23T03:23:40,2026-06-06T00:00:00,2026-05-21T00:00:00,"MATERIAL DE HIGIENE, LIMPEZA, COPA E COZINHA",100.62,100.62,83028415000109,MUNICIPIO DE MONDAI
85361863000147-2-000272/2026,2026-05-30T12:03:20.110673+00:00,2026-05-23T03:23:41,2026-06-11T00:00:00,2026-05-22T00:00:00,MATERIAL DE EXPEDIENTE E DIDÁTICO,292.5,292.5,85361863000147,MUNICIPIO DE PALMITOS
11456420000101-2-000014/2026,2026-05-30T12:03:20.110673+00:00,2026-05-23T03:23:41,2026-06-06T00:00:00,2026-05-20T00:00:00,MATERIAIS AMBULATORIAIS E CORRELATOS,1054.8,1054.8,11456420000101,FUNDO MUNICIPAL DE SAUDE DE ROMELANDIA
82821208000136-2-000717/2026,2026-05-30T12:03:20.110673+00:00,2026-05-23T03:23:43,2026-06-06T00:00:00,2026-05-22T00:00:00,"PNEUS, CAMARAS E PROTETORES DE ARO",8544.0,8544.0,82821208000136,MUNICIPIO DE ITAPIRANGA
82821208000136-2-000718/2026,2026-05-30T12:03:20.110673+00:00,2026-05-23T03:23:45,2026-06-06T00:00:00,2026-05-22T00:00:00,MATERIAIS AMBULATORIAIS E CORRELATOS,8347.5,8347.5,82821208000136,MUNICIPIO DE ITAPIRANGA
80911936000103-2-000686/2026,2026-05-30T12:03:20.110673+00:00,2026-05-23T03:24:04,2026-06-06T00:00:00,2026-05-22T00:00:00,"MATERIAIS DE CONSTRUÇÃO, FERRAMENTAS E CORRELATOS",110.0,110.0,80911936000103,MUNICIPIO DE SAO JOAO DO OESTE
78486198000152-2-000568/2026,2026-05-30T12:03:20.110673+00:00,2026-05-23T03:25:17,2026-05-29T00:00:00,2026-05-22T00:00:00,GÊNEROS ALIMENTÍCIOS,232.0,232.0,78486198000152,MUNICIPIO DE TUNAPOLIS
12273240000149-2-000065/2026,2026-05-30T12:03:20.110673+00:00,2026-05-23T03:25:44,2026-06-06T00:00:00,2026-05-22T00:00:00,MEDICAMENTOS,149.5,149.5,12273240000149,FUNDO MUNICIPAL DE SAUDE DE TUNAPOLIS
83021881000154-2-000294/2026,2026-05-30T12:03:20.110673+00:00,2026-05-23T03:27:22,2026-06-11T00:00:00,2026-05-22T00:00:00,"EQUIPAMENTOS DE INFORMÁTICA, PROCESSAMENTO DE DADOS, AR CONDICIONADO E CORRELATOS",725.99,725.99,83021881000154,MUNICIPIO DE SAUDADES
10624466000111-2-000071/2026,2026-05-30T12:03:20.110673+00:00,2026-05-23T03:30:09,2026-06-06T00:00:00,2026-05-21T00:00:00,MEDICAMENTOS E CORRELATOS,360.0,360.0,10624466000111,FUNDO MUNICIPAL DE SAUDE DE BENEDITO NOVO
11241709000103-2-000349/2026,2026-05-30T12:03:20.110673+00:00,2026-05-23T03:30:11,2026-06-06T00:00:00,2026-05-21T00:00:00,MEDICAMENTOS E CORRELATOS,1117.8,1117.8,11241709000103,FUNDO MUNICIPAL DE SAUDE DE ASCURRA
10971858000157-2-000400/2026,2026-05-30T12:03:20.110673+00:00,2026-05-23T03:35:04,2026-06-06T00:00:00,2026-05-21T00:00:00,MEDICAMENTOS REMUME,441.6,441.6,10971858000157,FUNDO MUNICIPAL DE SAUDE DE CAPIVARI DE BAIXO
10971858000157-2-000401/2026,2026-05-30T12:03:20.110673+00:00,2026-05-23T03:35:04,2026-06-06T00:00:00,2026-05-21T00:00:00,MEDICAMENTOS REMUME,405.18,405.18,10971858000157,FUNDO MUNICIPAL DE SAUDE DE CAPIVARI DE BAIXO
10778974000154-2-000031/2026,2026-05-30T12:03:20.110673+00:00,2026-05-23T03:35:05,2026-06-06T00:00:00,2026-05-21T00:00:00,MEDICAMENTOS REMUME,302.4,302.4,10778974000154,FUNDO MUNICIPAL DE SAUDE DO MUNICIPIO DE PEDRAS GRANDES
10778974000154-2-000032/2026,2026-05-30T12:03:20.110673+00:00,2026-05-23T03:35:05,2026-06-06T00:00:00,2026-05-21T00:00:00,MEDICAMENTOS REMUME,940.5,940.5,10778974000154,FUNDO MUNICIPAL DE SAUDE DO MUNICIPIO DE PEDRAS GRANDES
10778974000154-2-000033/2026,2026-05-30T12:03:20.110673+00:00,2026-05-23T03:35:06,2026-06-06T00:00:00,2026-05-21T00:00:00,MEDICAMENTOS REMUME,180.0,180.0,10778974000154,FUNDO MUNICIPAL DE SAUDE DO MUNICIPIO DE PEDRAS GRANDES
01746653000187-2-000562/2026,2026-05-30T12:03:20.110673+00:00,2026-05-23T03:35:06,2026-06-06T00:00:00,2026-05-22T00:00:00,MEDICAMENTOS REMUME,214.995,214.995,01746653000187,FUNDO MUNICIPAL DA SAUDE
01746653000187-2-000563/2026,2026-05-30T12:03:20.110673+00:00,2026-05-23T03:35:07,2026-06-06T00:00:00,2026-05-22T00:00:00,MEDICAMENTOS REMUME,1475.7,1475.7,01746653000187,FUNDO MUNICIPAL DA SAUDE
10565436000181-2-000543/2026,2026-05-30T12:03:20.110673+00:00,2026-05-23T03:35:09,2026-06-06T00:00:00,2026-05-22T00:00:00,MEDICAMENTOS REMUME,423.735,423.735,10565436000181,FUNDO MUNICIPAL DE SAUDE  - FMS DE SAO LUDGERO
10971858000157-2-000402/2026,2026-05-30T12:03:20.110673+00:00,2026-05-23T03:35:16,2026-06-06T00:00:00,2026-05-22T00:00:00,MEDICAMENTOS REMUME,102.9,102.9,10971858000157,FUNDO MUNICIPAL DE SAUDE DE CAPIVARI DE BAIXO
01746653000187-2-000564/2026,2026-05-30T12:03:20.110673+00:00,2026-05-23T03:35:21,2026-06-06T00:00:00,2026-05-22T00:00:00,MEDICAMENTOS REMUME,205.8,205.8,01746653000187,FUNDO MUNICIPAL DA SAUDE
83024505000113-2-000787/2026,2026-05-30T12:03:20.110673+00:00,2026-05-23T03:44:40,2026-06-21T00:00:00,2026-05-22T00:00:00,MATERIAIS ESPORTIVOS - LEI 14.133/2021,399.0,399.0,83024505000113,MUNICIPIO DE SEARA
82827353000124-2-000552/2026,2026-05-30T12:03:20.110673+00:00,2026-05-23T03:44:41,2026-06-06T00:00:00,2026-05-22T00:00:00,PRODUTOS DE HIGIENE E USO PESSOAL - LEI 14.133/2021,288.72,288.72,82827353000124,MUNICIPIO DE SALTO VELOSO
82892357000196-2-000230/2026,2026-05-30T12:03:20.110673+00:00,2026-05-23T03:44:42,2026-06-21T00:00:00,2026-05-19T00:00:00,COMPUTADORES - LEI 14.133/2021,3519.0,3519.0,82892357000196,MUNICIPIO DE RANCHO QUEIMADO
83102244000102-2-000380/2026,2026-05-30T12:03:20.110673+00:00,2026-05-23T03:45:56,2026-06-21T00:00:00,2026-05-19T00:00:00,COMPUTADORES - LEI 14.133/2021,34788.0,34788.0,83102244000102,MUNICIPIO DE GASPAR
82804212000196-2-000456/2026,2026-05-30T12:03:20.110673+00:00,2026-05-23T03:46:02,2026-06-06T00:00:00,2026-05-22T00:00:00,"MATERIAIS PARA FISIOTERAPIA, PRÁTICAS INTEGRATIVAS E COMPLEMENTARES EM SAÚDE E CORRELATOS - LEI 14.133/2021",816.48,816.48,82804212000196,MUNICIPIO DE AGUAS DE CHAPECO
83102228000110-2-000607/2026,2026-05-30T12:03:20.110673+00:00,2026-05-23T03:46:13,2026-06-06T00:00:00,2026-05-21T00:00:00,PRODUTOS SANEANTES - LEI 14.133/2021,116.8,116.8,83102228000110,MUNICIPIO DE ARAQUARI
82928706000182-2-000227/2026,2026-05-30T12:03:20.110673+00:00,2026-05-23T03:46:14,2026-06-06T00:00:00,2026-05-21T00:00:00,"MATERIAIS DE EXPEDIENTE, ESCOLAR E DE ARTESANATO - LEI 14.133/2021",586.5,586.5,82928706000182,MUNICIPIO DE LAGUNA
83102228000110-2-000608/2026,2026-05-30T12:03:20.110673+00:00,2026-05-23T03:46:15,2026-06-06T00:00:00,2026-05-21T00:00:00,PRODUTOS SANEANTES - LEI 14.133/2021,112.0,112.0,83102228000110,MUNICIPIO DE ARAQUARI
95993093000109-2-000172/2026,2026-05-30T12:03:20.110673+00:00,2026-05-23T03:46:15,2026-06-21T00:00:00,2026-05-22T00:00:00,APARELHOS DE AR-CONDICIONADO E CORRELATOS - LEI 14.133/2021,3700.34,3700.34,95993093000109,MUNICIPIO DE CORONEL MARTINS
82930181000110-2-000704/2026,2026-05-30T12:03:20.110673+00:00,2026-05-23T03:46:16,2026-06-21T00:00:00,2026-05-22T00:00:00,CELULARES E SMARTPHONES - LEI 14.133/2021,2592.56,2592.56,82930181000110,MUNICIPIO DE URUSSANGA
82924390000150-2-000300/2026,2026-05-30T12:03:20.110673+00:00,2026-05-23T03:46:18,2026-06-06T00:00:00,2026-05-21T00:00:00,MATERIAIS AMBULATORIAIS E INSUMOS HOSPITALARES - LEI 14.133/2021,200.4,200.4,82924390000150,MUNICIPIO DE LEOBERTO LEAL
01612528000184-2-000216/2026,2026-05-30T12:03:20.110673+00:00,2026-05-23T03:46:20,2026-06-21T00:00:00,2026-05-18T00:00:00,COMPUTADORES - LEI 14.133/2021,3519.0,3519.0,01612528000184,MUNICIPIO DE BANDEIRANTE
83102533000101-2-000182/2026,2026-05-30T12:03:20.110673+00:00,2026-05-23T03:46:26,2026-06-21T00:00:00,2026-05-22T00:00:00,EQUIPAMENTOS DE PROTEÇÃO INDIVIDUAL E COLETIVA - LEI 14.133/2021,218.7,218.7,83102533000101,MUNICIPIO DE PAPANDUVA
83021873000108-2-000417/2026,2026-05-30T12:03:20.110673+00:00,2026-05-23T03:46:28,2026-06-06T00:00:00,2026-05-22T00:00:00,"MATERIAIS DE EXPEDIENTE, ESCOLAR E DE ARTESANATO - LEI 14.133/2021",187.75,187.75,83021873000108,MUNICIPIO DE SAO LOURENCO D'OESTE
82926551000145-2-001183/2026,2026-05-30T12:03:20.110673+00:00,2026-05-23T03:46:32,2026-06-21T00:00:00,2026-05-21T00:00:00,CADEIRAS PARA ESCRITÓRIO E LONGARINAS - LEI 14.133/2021 (RENOVADO),2104.0,2104.0,82926551000145,MUNICIPIO DE BRACO DO NORTE
95780615000194-2-000063/2026,2026-05-30T12:03:20.110673+00:00,2026-05-23T03:47:45,2026-06-21T00:00:00,2026-05-22T00:00:00,CELULARES E SMARTPHONES - LEI 14.133/2021,2592.56,2592.56,95780615000194,CAPIVARI DE BAIXO CAMARA MUNICIPAL
11433441000101-2-000236/2026,2026-05-30T12:03:20.110673+00:00,2026-05-23T03:47:46,2026-06-21T00:00:00,2026-05-21T00:00:00,APARELHOS DE AR-CONDICIONADO E CORRELATOS - LEI 14.133/2021,1586.59,1586.59,11433441000101,FUNDO MUNICIPAL DE SAUDE
11433441000101-2-000237/2026,2026-05-30T12:03:20.110673+00:00,2026-05-23T03:47:47,2026-06-21T00:00:00,2026-05-21T00:00:00,APARELHOS DE AR-CONDICIONADO E CORRELATOS - LEI 14.133/2021,1586.59,1586.59,11433441000101,FUNDO MUNICIPAL DE SAUDE
83102723000129-2-000507/2026,2026-05-30T12:03:20.110673+00:00,2026-05-23T03:47:48,2026-06-06T00:00:00,2026-05-22T00:00:00,"MATERIAIS DE EXPEDIENTE, ESCOLAR E DE ARTESANATO - LEI 14.133/2021",225.4,225.4,83102723000129,MUNICIPIO DE SALETE
79372520000185-2-000556/2026,2026-05-30T12:03:20.110673+00:00,2026-05-23T03:47:49,2026-06-21T00:00:00,2026-05-22T00:00:00,APARELHOS DE AR-CONDICIONADO E CORRELATOS - LEI 14.133/2021,1850.17,1850.17,79372520000185,MUNICIPIO DE VITOR MEIRELES
83028415000109-2-001001/2026,2026-05-30T12:03:20.110673+00:00,2026-05-23T03:48:02,2026-06-06T00:00:00,2026-05-22T00:00:00,"MATERIAIS DE EXPEDIENTE, ESCOLAR E DE ARTESANATO - LEI 14.133/2021",152.16,152.16,83028415000109,MUNICIPIO DE MONDAI
01614376000159-2-000439/2026,2026-05-30T12:03:20.110673+00:00,2026-05-23T03:48:08,2026-06-06T00:00:00,2026-05-21T00:00:00,"MEDICAMENTOS, SUPLEMENTOS ALIMENTARES E CORRELATOS - LEI 14.133/2021",1094.4,1094.4,01614376000159,MUNICIPIO DE PAIAL
82836818000103-2-000253/2026,2026-05-30T12:03:20.110673+00:00,2026-05-23T03:48:24,2026-06-06T00:00:00,2026-05-22T00:00:00,"MATERIAIS DE EXPEDIENTE, ESCOLAR E DE ARTESANATO - LEI 14.133/2021",138.41,138.41,82836818000103,MUNICIPIO DE SAO MARTINHO
01850671000104-2-000097/2026,2026-05-30T12:03:20.110673+00:00,2026-05-23T03:48:34,2026-06-21T00:00:00,2026-05-22T00:00:00,UTENSÍLIOS DE COZINHA - LEI 14.133/2021,111.02,111.02,01850671000104,FUNDO MUNICIPAL DE ASSISTENCIA SOCIAL DE CAMPOS NOVOS SC
83169623000110-2-001059/2026,2026-05-30T12:03:20.110673+00:00,2026-05-23T03:48:40,2026-06-21T00:00:00,2026-05-20T00:00:00,MATERIAIS ESPORTIVOS - LEI 14.133/2021,207.0,207.0,83169623000110,MUNICIPIO DE JOINVILLE
01850671000104-2-000098/2026,2026-05-30T12:03:20.110673+00:00,2026-05-23T03:48:51,2026-06-06T00:00:00,2026-05-22T00:00:00,AÇÚCARES E ADOÇANTES - LEI 14.133/2021 (RENOVADO),209.9,209.9,01850671000104,FUNDO MUNICIPAL DE ASSISTENCIA SOCIAL DE CAMPOS NOVOS SC
82939463000188-2-000148/2026,2026-05-30T12:03:20.110673+00:00,2026-05-23T03:48:57,2026-06-06T00:00:00,2026-05-22T00:00:00,"MATERIAIS DE EXPEDIENTE, ESCOLAR E DE ARTESANATO - LEI 14.133/2021",177.78,177.78,82939463000188,MUNICIPIO DE JABORA
82804212000196-2-000457/2026,2026-05-30T12:03:20.110673+00:00,2026-05-23T03:49:03,2026-06-06T00:00:00,2026-05-22T00:00:00,"MEDICAMENTOS, SUPLEMENTOS ALIMENTARES E CORRELATOS - LEI 14.133/2021",187.96,187.96,82804212000196,MUNICIPIO DE AGUAS DE CHAPECO
83024505000113-2-000788/2026,2026-05-30T12:03:20.110673+00:00,2026-05-23T03:49:04,2026-06-06T00:00:00,2026-05-22T00:00:00,MATERIAIS PARA HIGIENIZAÇÃO E LIMPEZA - LEI 14.133/2021,4051.0,4051.0,83024505000113,MUNICIPIO DE SEARA
83108357000115-2-000799/2026,2026-05-30T12:03:20.110673+00:00,2026-05-23T03:49:05,2026-06-06T00:00:00,2026-05-21T00:00:00,MATERIAIS DESCARTÁVEIS - LEI 14.133/2021,13206.0,13206.0,83108357000115,MUNICIPIO DE BLUMENAU
83009894000108-2-000325/2026,2026-05-30T12:03:20.110673+00:00,2026-05-23T03:49:11,2026-06-06T00:00:00,2026-05-22T00:00:00,ÁLCOOL EM GEL E LÍQUIDO  - LEI 14.133/2021,2127.0,2127.0,83009894000108,MUNICIPIO DE SAO DOMINGOS
01824828000127-2-000064/2026,2026-05-30T12:03:20.110673+00:00,2026-05-23T03:51:36,2026-06-21T00:00:00,2026-05-19T00:00:00,COMPUTADORES - LEI 14.133/2021,7038.0,7038.0,01824828000127,FUNDO MUNICIPAL DE ASSISTENCIA SOCIAL DE LAGUNA
82926551000145-2-001184/2026,2026-05-30T12:03:20.110673+00:00,2026-05-23T03:51:36,2026-06-06T00:00:00,2026-05-19T00:00:00,MATERIAIS PARA HIGIENIZAÇÃO E LIMPEZA - LEI 14.133/2021,739.6,739.6,82926551000145,MUNICIPIO DE BRACO DO NORTE
83497560000120-2-000019/2026,2026-05-30T12:03:20.110673+00:00,2026-05-23T03:51:38,2026-06-06T00:00:00,2026-05-22T00:00:00,"MATERIAIS DE EXPEDIENTE, ESCOLAR E DE ARTESANATO - LEI 14.133/2021",134.23,134.23,83497560000120,INDAIAL CAMARA DE VEREADORES
95778056000188-2-000459/2026,2026-05-30T12:03:20.110673+00:00,2026-05-23T03:51:38,2026-06-06T00:00:00,2026-05-22T00:00:00,FÓRMULAS E SUPLEMENTOS ALIMENTARES - LEI 14.133/2021,3980.0,3980.0,95778056000188,MUNICIPIO DE COCAL DO SUL
83102459000123-2-001633/2026,2026-05-30T12:03:20.110673+00:00,2026-05-23T03:51:49,2026-06-06T00:00:00,2026-05-22T00:00:00,ÁLCOOL EM GEL E LÍQUIDO  - LEI 14.133/2021,191.52,191.52,83102459000123,MUNICIPIO DE JARAGUA DO SUL
83102475000116-2-000297/2026,2026-05-30T12:03:20.110673+00:00,2026-05-23T03:52:52,2026-06-21T00:00:00,2026-05-22T00:00:00,EQUIPAMENTOS DE REDE DE DADOS E CORRELATOS - LEI 14.133/2021 (RENOVADO),2932.0,2932.0,83102475000116,MUNICIPIO DE GUARAMIRIM
83102731000175-2-000679/2026,2026-05-30T12:03:20.110673+00:00,2026-05-23T03:53:18,2026-06-21T00:00:00,2026-05-22T00:00:00,EQUIPAMENTOS DE PROTEÇÃO INDIVIDUAL E COLETIVA - LEI 14.133/2021,942.5,942.5,83102731000175,MUNICIPIO DE TROMBUDO CENTRAL
12334083000134-2-000418/2026,2026-05-30T12:03:20.110673+00:00,2026-05-23T03:53:19,2026-06-06T00:00:00,2026-05-22T00:00:00,"MEDICAMENTOS, SUPLEMENTOS ALIMENTARES E CORRELATOS - LEI 14.133/2021",866.82,866.82,12334083000134,FUNDO MUNICIPAL DE SAUDE DE SAO MARTINHO
82939406000107-2-000666/2026,2026-05-30T12:03:20.110673+00:00,2026-05-23T03:53:25,2026-06-21T00:00:00,2026-05-21T00:00:00,PNEUS E CORRELATOS - LEI 14.133/2021,619.98,619.98,82939406000107,MUNICIPIO DE CAPINZAL
83102533000101-2-000183/2026,2026-05-30T12:03:20.110673+00:00,2026-05-23T03:53:31,2026-06-21T00:00:00,2026-05-21T00:00:00,ELETRODOMÉSTICOS E CORRELATOS - LEI 14.133/2021,239.0,239.0,83102533000101,MUNICIPIO DE PAPANDUVA
01606852000190-2-000231/2026,2026-05-30T12:03:20.110673+00:00,2026-05-23T03:55:48,2026-06-06T00:00:00,2026-05-22T00:00:00,"MATERIAIS DE EXPEDIENTE, ESCOLAR E DE ARTESANATO - LEI 14.133/2021",106.0,106.0,01606852000190,MUNICIPIO DE BOCAINA DO SUL
01612836000100-2-000351/2026,2026-05-30T12:03:20.110673+00:00,2026-05-23T03:55:55,2026-06-21T00:00:00,2026-05-19T00:00:00,COMPUTADORES - LEI 14.133/2021,2899.0,2899.0,01612836000100,MUNICIPIO DE PRINCESA
82924390000150-2-000301/2026,2026-05-30T12:03:20.110673+00:00,2026-05-23T03:55:56,2026-06-21T00:00:00,2026-05-19T00:00:00,COMPUTADORES - LEI 14.133/2021,3519.0,3519.0,82924390000150,MUNICIPIO DE LEOBERTO LEAL
82892324000146-2-000322/2026,2026-05-30T12:03:20.110673+00:00,2026-05-23T03:55:57,2026-06-21T00:00:00,2026-05-22T00:00:00,ELETRODOMÉSTICOS E CORRELATOS - LEI 14.133/2021,170.97,170.97,82892324000146,MUNICIPIO DE SANTO AMARO DA IMPERATRIZ
17243084000197-2-000161/2026,2026-05-30T12:03:20.110673+00:00,2026-05-23T03:56:04,2026-06-21T00:00:00,2026-05-22T00:00:00,MÓVEIS PARA ESCRITÓRIO - LEI 14.133/2021,1454.0,1454.0,17243084000197,MUNICIPIO DE BALNEARIO RINCAO
75326066000175-2-000494/2026,2026-05-30T12:03:20.110673+00:00,2026-05-23T03:56:06,2026-06-06T00:00:00,2026-05-22T00:00:00,"MEDICAMENTOS, SUPLEMENTOS ALIMENTARES E CORRELATOS - LEI 14.133/2021",3265.4516,3265.4516,75326066000175,MUNICIPIO DE OTACILIO COSTA
82804212000196-2-000458/2026,2026-05-30T12:03:20.110673+00:00,2026-05-23T03:56:10,2026-06-06T00:00:00,2026-05-22T00:00:00,MATERIAIS AMBULATORIAIS E INSUMOS HOSPITALARES - LEI 14.133/2021,105.0,105.0,82804212000196,MUNICIPIO DE AGUAS DE CHAPECO
83021832000111-2-000263/2026,2026-05-30T12:03:20.110673+00:00,2026-05-23T03:56:12,2026-06-21T00:00:00,2026-05-22T00:00:00,EQUIPAMENTOS DE PROTEÇÃO INDIVIDUAL E COLETIVA - LEI 14.133/2021,246.0,246.0,83021832000111,MUNICIPIO DE MODELO
78497492000160-2-000353/2026,2026-05-30T12:03:20.110673+00:00,2026-05-23T03:56:14,2026-06-21T00:00:00,2026-05-22T00:00:00,PNEUS E CORRELATOS - LEI 14.133/2021,3911.68,3911.68,78497492000160,MUNICIPIO DE TIMBO GRANDE
01606852000190-2-000232/2026,2026-05-30T12:03:20.110673+00:00,2026-05-23T03:56:56,2026-06-06T00:00:00,2026-05-22T00:00:00,FÓRMULAS E SUPLEMENTOS ALIMENTARES - LEI 14.133/2021,418.8,418.8,01606852000190,MUNICIPIO DE BOCAINA DO SUL
74097114000138-2-000025/2026,2026-05-30T12:03:20.110673+00:00,2026-05-23T03:57:34,2026-06-06T00:00:00,2026-05-22T00:00:00,"MATERIAIS DE EXPEDIENTE, ESCOLAR E DE ARTESANATO - LEI 14.133/2021",103.74,103.74,74097114000138,FUNDACAO CULTURAL CAMPONOVENSE
11355483000163-2-000416/2026,2026-05-30T12:03:20.110673+00:00,2026-05-23T03:57:35,2026-06-21T00:00:00,2026-05-22T00:00:00,CADEIRAS PARA ESCRITÓRIO E LONGARINAS - LEI 14.133/2021 (RENOVADO),7060.0,7060.0,11355483000163,FUNDO MUNICIPAL DE SAUDE DE INDAIAL
11355483000163-2-000417/2026,2026-05-30T12:03:20.110673+00:00,2026-05-23T03:57:36,2026-06-21T00:00:00,2026-05-19T00:00:00,COMPUTADORES - LEI 14.133/2021,10557.0,10557.0,11355483000163,FUNDO MUNICIPAL DE SAUDE DE INDAIAL
83102228000110-2-000609/2026,2026-05-30T12:03:20.110673+00:00,2026-05-23T03:57:37,2026-06-21T00:00:00,2026-05-22T00:00:00,ELETRODOMÉSTICOS E CORRELATOS - LEI 14.133/2021,113.98,113.98,83102228000110,MUNICIPIO DE ARAQUARI
83009902000116-2-000117/2026,2026-05-30T12:03:20.110673+00:00,2026-05-23T03:57:37,2026-06-21T00:00:00,2026-05-22T00:00:00,APARELHOS DE AR-CONDICIONADO E CORRELATOS - LEI 14.133/2021,3518.9,3518.9,83009902000116,MUNICIPIO DE GALVAO
78497492000160-2-000354/2026,2026-05-30T12:03:20.110673+00:00,2026-05-23T03:58:17,2026-06-21T00:00:00,2026-05-22T00:00:00,PNEUS E CORRELATOS - LEI 14.133/2021,17820.0,17820.0,78497492000160,MUNICIPIO DE TIMBO GRANDE
82821174000180-2-000794/2026,2026-05-30T12:03:20.110673+00:00,2026-05-23T03:58:55,2026-06-06T00:00:00,2026-05-22T00:00:00,PAPÉIS PARA HIGIENE PESSOAL E USO DOMÉSTICO - LEI 14.133/2021,1111.2,1111.2,82821174000180,MUNICIPIO DE SAO MIGUEL D'OESTE
82926551000145-2-001185/2026,2026-05-30T12:03:20.110673+00:00,2026-05-23T03:58:56,2026-06-21T00:00:00,2026-05-19T00:00:00,MONITORES - LEI 14.133/2021,339.99,339.99,82926551000145,MUNICIPIO DE BRACO DO NORTE
83102533000101-2-000184/2026,2026-05-30T12:03:20.110673+00:00,2026-05-23T03:58:57,2026-06-06T00:00:00,2026-05-21T00:00:00,PRODUTOS SANEANTES - LEI 14.133/2021,1259.52,1259.52,83102533000101,MUNICIPIO DE PAPANDUVA
08858200000191-2-000627/2026,2026-05-30T12:03:20.110673+00:00,2026-05-23T03:58:58,2026-06-06T00:00:00,2026-05-21T00:00:00,MATERIAIS AMBULATORIAIS E INSUMOS HOSPITALARES - LEI 14.133/2021,238.5,238.5,08858200000191,FUNDO MUNICIPAL DE SAUDE
95778056000188-2-000460/2026,2026-05-30T12:03:20.110673+00:00,2026-05-23T04:00:22,2026-06-21T00:00:00,2026-05-21T00:00:00,ELETRODOMÉSTICOS E CORRELATOS - LEI 14.133/2021,134.0,134.0,95778056000188,MUNICIPIO DE COCAL DO SUL
95780458000117-2-000675/2026,2026-05-30T12:03:20.110673+00:00,2026-05-23T04:00:23,2026-06-06T00:00:00,2026-05-20T00:00:00,MATERIAIS PARA HIGIENIZAÇÃO E LIMPEZA - LEI 14.133/2021,135.2,135.2,95780458000117,MUNICIPIO DE SANGAO
87612982000150-2-000031/2026,2026-05-30T12:03:20.110673+00:00,2026-05-23T04:02:01,2026-07-12T00:00:00,2026-05-13T00:00:00,"Contratação Serviços Geológicos ( geólogo, engenheiro geólogo ou engenheiro de minas) para confecção do processo de Outorga.- Teste de vazão padrão outorga SIOUT.-Coleta de água e encaminhamento para análise físico-química e microbiológica padrão outorga.-",7400.0,7400.0,87612982000150,MUNICIPIO DE ROQUE GONZALES
87612982000150-2-000032/2026,2026-05-30T12:03:20.110673+00:00,2026-05-23T04:02:04,2027-05-25T00:00:00,2026-05-25T00:00:00,Contratação de Oficineira para execução de oficinas do PAIF E SCFV,2170.4,2170.4,87612982000150,MUNICIPIO DE ROQUE GONZALES
87612982000150-2-000033/2026,2026-05-30T12:03:20.110673+00:00,2026-05-23T04:02:11,2026-08-16T00:00:00,2026-05-18T00:00:00,Fornecimento e Instalação de reservatório de fibra 10.000L completo com torre metálica e construção de fundações em concreto armado - Rincão dos Mendes -Roque Gonzales/RS,43000.0,43000.0,87612982000150,MUNICIPIO DE ROQUE GONZALES
87612982000150-2-000034/2026,2026-05-30T12:03:20.110673+00:00,2026-05-23T04:02:13,2026-07-03T00:00:00,2026-05-18T00:00:00,Edital de pregão eletrônico para aquisição de equipamentos e máquinas agrícolas. Indicação de emenda 202430770001 - Transferência Especial - Ministério da Economia. Plano de Ação 09032024-072062.,10300.0,10300.0,87612982000150,MUNICIPIO DE ROQUE GONZALES
87612982000150-2-000035/2026,2026-05-30T12:03:20.110673+00:00,2026-05-23T04:02:18,2026-07-03T00:00:00,2026-05-19T00:00:00,Edital de pregão eletrônico para aquisição de equipamentos e máquinas agrícolas. Indicação de emenda 202430770001 - Transferência Especial - Ministério da Economia. Plano de Ação 09032024-072062.,31950.0,31950.0,87612982000150,MUNICIPIO DE ROQUE GONZALES
83102293000145-2-001180/2026,2026-05-30T12:03:20.110673+00:00,2026-05-23T04:02:46,2026-06-21T00:00:00,2026-05-19T00:00:00,COMPUTADORES - LEI 14.133/2021,7725.32,7725.32,83102293000145,MUNICIPIO DE CAMBORIU
02073207000111-2-000641/2026,2026-05-30T12:03:20.110673+00:00,2026-05-23T04:02:48,2026-06-06T00:00:00,2026-05-21T00:00:00,"MEDICAMENTOS, SUPLEMENTOS ALIMENTARES E CORRELATOS - LEI 14.133/2021",675.066,675.066,02073207000111,FUNDO MUNICIPAL DA SAUDE
82804212000196-2-000459/2026,2026-05-30T12:03:20.110673+00:00,2026-05-23T04:04:00,2026-06-06T00:00:00,2026-05-22T00:00:00,MATERIAIS AMBULATORIAIS E INSUMOS HOSPITALARES - LEI 14.133/2021,265.0,265.0,82804212000196,MUNICIPIO DE AGUAS DE CHAPECO
83755850000127-2-000337/2026,2026-05-30T12:03:20.110673+00:00,2026-05-23T04:04:05,2026-06-06T00:00:00,2026-05-22T00:00:00,FRALDAS GERIÁTRICAS E INFANTIS - LEI 14.133/2021,400.89,400.89,83755850000127,MUNICIPIO DE PONTE ALTA
93845519000151-2-000039/2026,2026-05-30T12:03:20.110673+00:00,2026-05-23T04:04:55,2026-12-31T00:00:00,2026-05-22T00:00:00,"CONTRATAÇÃO DE EMPRESA ESPECIALIZADA PARA FORNECIMENTO E INSTALAÇÃO DE CORRIMÃOS NAS RAMPAS DA UNIDADE BÁSICA DE SAÚDE DE CAMPO ALEGRE, NO MUNICÍPIO DE PORTO MAUÁ/RS, DESTINADO EXCLUSIVAMENTE A BENEFICIÁRIOS DA LEI COMPLEMENTAR 123/2006",15999.9,15999.9,93845519000151,MUNICIPIO DE PORTO MAUA
01824828000127-2-000065/2026,2026-05-30T12:03:20.110673+00:00,2026-05-23T04:05:14,2026-06-21T00:00:00,2026-05-19T00:00:00,COMPUTADORES - LEI 14.133/2021,3519.0,3519.0,01824828000127,FUNDO MUNICIPAL DE ASSISTENCIA SOCIAL DE LAGUNA
01613101000109-2-000218/2026,2026-05-30T12:03:20.110673+00:00,2026-05-23T04:05:17,2026-06-06T00:00:00,2026-05-22T00:00:00,PRODUTOS SANEANTES - LEI 14.133/2021,146.88,146.88,01613101000109,MUNICIPIO DE SAO PEDRO DE ALCANTARA
92465210000173-2-000206/2026,2026-05-30T12:03:20.110673+00:00,2026-05-23T04:06:33,2026-06-15T00:00:00,2026-05-13T00:00:00,"Contratação de empresa especializada para instalação da parte elétrica das câmeras de segurança do sistema de videomonitoramento, com fornecimento de material.",14186.8,14186.8,92465210000173,MUNICIPIO DE DOUTOR MAURICIO CARDOSO
92465210000173-2-000207/2026,2026-05-30T12:03:20.110673+00:00,2026-05-23T04:06:38,2027-09-30T00:00:00,2026-05-20T00:00:00,Credenciamento de pessoas físicas para extração de cascalho em imóvel rural de propriedade particular.,11000.0,11000.0,92465210000173,MUNICIPIO DE DOUTOR MAURICIO CARDOSO
83102228000110-2-000610/2026,2026-05-30T12:03:20.110673+00:00,2026-05-23T04:07:40,2026-06-06T00:00:00,2026-05-19T00:00:00,MATERIAIS PARA HIGIENIZAÇÃO E LIMPEZA - LEI 14.133/2021,2108.0,2108.0,83102228000110,MUNICIPIO DE ARAQUARI
92465210000173-2-000208/2026,2026-05-30T12:03:20.110673+00:00,2026-05-23T04:07:59,2026-06-30T00:00:00,2026-05-22T00:00:00,"Aquisição de eletrodomésticos, utensílios domésticos, mobiliário e equipamentos para secretarias e departamentos. O processo Licitatório é exclusivo às Empresas beneficiárias da LC Nº 123/2006.",3720.0,3720.0,92465210000173,MUNICIPIO DE DOUTOR MAURICIO CARDOSO
92465210000173-2-000209/2026,2026-05-30T12:03:20.110673+00:00,2026-05-23T04:08:03,2026-06-30T00:00:00,2026-05-22T00:00:00,"Aquisição de eletrodomésticos, utensílios domésticos, mobiliário e equipamentos para secretarias e departamentos. O processo Licitatório é exclusivo às Empresas beneficiárias da LC Nº 123/2006.",5086.8,5086.8,92465210000173,MUNICIPIO DE DOUTOR MAURICIO CARDOSO
92465210000173-2-000210/2026,2026-05-30T12:03:20.110673+00:00,2026-05-23T04:08:08,2026-06-30T00:00:00,2026-05-22T00:00:00,"Aquisição de eletrodomésticos, utensílios domésticos, mobiliário e equipamentos para secretarias e departamentos. O processo Licitatório é exclusivo às Empresas beneficiárias da LC Nº 123/2006.",3380.0,3380.0,92465210000173,MUNICIPIO DE DOUTOR MAURICIO CARDOSO
92465210000173-2-000211/2026,2026-05-30T12:03:20.110673+00:00,2026-05-23T04:08:12,2026-06-30T00:00:00,2026-05-22T00:00:00,"Aquisição de eletrodomésticos, utensílios domésticos, mobiliário e equipamentos para secretarias e departamentos. O processo Licitatório é exclusivo às Empresas beneficiárias da LC Nº 123/2006.",4996.0,4996.0,92465210000173,MUNICIPIO DE DOUTOR MAURICIO CARDOSO
92465210000173-2-000212/2026,2026-05-30T12:03:20.110673+00:00,2026-05-23T04:08:16,2026-06-30T00:00:00,2026-05-22T00:00:00,"Aquisição de eletrodomésticos, utensílios domésticos, mobiliário e equipamentos para secretarias e departamentos. O processo Licitatório é exclusivo às Empresas beneficiárias da LC Nº 123/2006.",560.0,560.0,92465210000173,MUNICIPIO DE DOUTOR MAURICIO CARDOSO
92465210000173-2-000213/2026,2026-05-30T12:03:20.110673+00:00,2026-05-23T04:08:27,2026-06-30T00:00:00,2026-05-22T00:00:00,"Aquisição de eletrodomésticos, utensílios domésticos, mobiliário e equipamentos para secretarias e departamentos. O processo Licitatório é exclusivo às Empresas beneficiárias da LC Nº 123/2006.",1719.0,1719.0,92465210000173,MUNICIPIO DE DOUTOR MAURICIO CARDOSO
92465210000173-2-000214/2026,2026-05-30T12:03:20.110673+00:00,2026-05-23T04:08:32,2026-06-30T00:00:00,2026-05-22T00:00:00,"Aquisição de eletrodomésticos, utensílios domésticos, mobiliário e equipamentos para secretarias e departamentos. O processo Licitatório é exclusivo às Empresas beneficiárias da LC Nº 123/2006.",899.4,899.4,92465210000173,MUNICIPIO DE DOUTOR MAURICIO CARDOSO
83102830000157-2-000892/2026,2026-05-30T12:03:20.110673+00:00,2026-05-23T04:09:01,2026-06-21T00:00:00,2026-05-21T00:00:00,ELETRODOMÉSTICOS E CORRELATOS - LEI 14.133/2021,320.0,320.0,83102830000157,MUNICIPIO DE BARRA VELHA
95992020000100-2-000471/2026,2026-05-30T12:03:20.110673+00:00,2026-05-23T04:09:02,2026-06-21T00:00:00,2026-05-21T00:00:00,PNEUS E CORRELATOS - LEI 14.133/2021,1811.8,1811.8,95992020000100,MUNICIPIO DE MACIEIRA
83102228000110-2-000611/2026,2026-05-30T12:03:20.110673+00:00,2026-05-23T04:09:02,2026-06-21T00:00:00,2026-05-22T00:00:00,MATERIAIS ELÉTRICOS PARA EDIFICAÇÕES - LEI 14.133/2021,1638.0,1638.0,83102228000110,MUNICIPIO DE ARAQUARI
01746653000187-2-000565/2026,2026-05-30T12:03:20.110673+00:00,2026-05-23T04:10:18,2026-06-06T00:00:00,2026-05-22T00:00:00,FÓRMULAS E SUPLEMENTOS ALIMENTARES - LEI 14.133/2021,3600.0,3600.0,01746653000187,FUNDO MUNICIPAL DA SAUDE
10459525000143-2-000452/2026,2026-05-30T12:03:20.110673+00:00,2026-05-23T04:10:19,2026-06-21T00:00:00,2026-05-19T00:00:00,COMPUTADORES - LEI 14.133/2021,4963.04,4963.04,10459525000143,FUNDO MUNICIPAL DE SAUDE
10459525000143-2-000453/2026,2026-05-30T12:03:20.110673+00:00,2026-05-23T04:10:20,2026-06-21T00:00:00,2026-05-19T00:00:00,COMPUTADORES - LEI 14.133/2021,19313.3,19313.3,10459525000143,FUNDO MUNICIPAL DE SAUDE
82821174000180-2-000795/2026,2026-05-30T12:03:20.110673+00:00,2026-05-23T04:10:20,2026-06-21T00:00:00,2026-05-22T00:00:00,CELULARES E SMARTPHONES - LEI 14.133/2021,673.0,673.0,82821174000180,MUNICIPIO DE SAO MIGUEL D'OESTE
83102814000164-2-000558/2026,2026-05-30T12:03:20.110673+00:00,2026-05-23T04:10:21,2026-06-21T00:00:00,2026-05-22T00:00:00,MÓVEIS PARA ESCRITÓRIO - LEI 14.133/2021,1100.0,1100.0,83102814000164,MUNICIPIO DE RODEIO
82815481000158-2-000571/2026,2026-05-30T12:03:20.110673+00:00,2026-05-23T04:10:22,2026-06-06T00:00:00,2026-05-21T00:00:00,PRODUTOS SANEANTES - LEI 14.133/2021,114.32,114.32,82815481000158,MUNICIPIO DE PIRATUBA
83039842000184-2-001464/2026,2026-05-30T12:03:20.110673+00:00,2026-05-23T04:10:24,2026-06-21T00:00:00,2026-05-19T00:00:00,COMPUTADORES - LEI 14.133/2021,7038.0,7038.0,83039842000184,MUNICIPIO DE VIDEIRA
75326066000175-2-000495/2026,2026-05-30T12:03:20.110673+00:00,2026-05-23T04:10:32,2026-06-06T00:00:00,2026-05-19T00:00:00,MATERIAIS PARA HIGIENIZAÇÃO E LIMPEZA - LEI 14.133/2021,117.36,117.36,75326066000175,MUNICIPIO DE OTACILIO COSTA
83102541000158-2-001104/2026,2026-05-30T12:03:20.110673+00:00,2026-05-23T04:10:33,2026-06-21T00:00:00,2026-05-22T00:00:00,ELETRODOMÉSTICOS E CORRELATOS - LEI 14.133/2021,3060.0,3060.0,83102541000158,MUNICIPIO DE PORTO UNIAO
83102400000135-2-000272/2026,2026-05-30T12:03:20.110673+00:00,2026-05-23T04:10:33,2026-06-06T00:00:00,2026-05-22T00:00:00,PAPÉIS PARA HIGIENE PESSOAL E USO DOMÉSTICO (COMPLEMENTAR) - LEI 14.133/2021,649.7,649.7,83102400000135,MUNICIPIO DE TRES BARRAS
83102400000135-2-000273/2026,2026-05-30T12:03:20.110673+00:00,2026-05-23T04:10:43,2026-06-21T00:00:00,2026-05-22T00:00:00,EQUIPAMENTOS DE REDE DE DADOS E CORRELATOS - LEI 14.133/2021 (RENOVADO),10262.0,10262.0,83102400000135,MUNICIPIO DE TRES BARRAS
83102640000130-2-000579/2026,2026-05-30T12:03:20.110673+00:00,2026-05-23T04:11:12,2026-06-06T00:00:00,2026-05-22T00:00:00,PRODUTOS SANEANTES - LEI 14.133/2021,151.44,151.44,83102640000130,MUNICIPIO DE ITUPORANGA
95991287000175-2-001007/2026,2026-05-30T12:03:20.110673+00:00,2026-05-23T04:12:00,2026-06-06T00:00:00,2026-05-22T00:00:00,PRODUTOS SANEANTES - LEI 14.133/2021,293.76,293.76,95991287000175,MUNICIPIO DE PONTE ALTA DO NORTE
95991287000175-2-001008/2026,2026-05-30T12:03:20.110673+00:00,2026-05-23T04:12:01,2026-06-06T00:00:00,2026-05-22T00:00:00,ÁLCOOL EM GEL E LÍQUIDO  - LEI 14.133/2021,327.84,327.84,95991287000175,MUNICIPIO DE PONTE ALTA DO NORTE
83021857000115-2-000681/2026,2026-05-30T12:03:20.110673+00:00,2026-05-23T04:12:02,2026-06-06T00:00:00,2026-05-22T00:00:00,PRODUTOS DE HIGIENE E USO PESSOAL - LEI 14.133/2021,710.0,710.0,83021857000115,MUNICIPIO DE PINHALZINHO
01612844000156-2-000088/2026,2026-05-30T12:03:20.110673+00:00,2026-05-23T04:12:02,2026-06-21T00:00:00,2026-05-22T00:00:00,PNEUS E CORRELATOS - LEI 14.133/2021,12399.92,12399.92,01612844000156,MUNICIPIO DE SALTINHO
83102715000182-2-000217/2026,2026-05-30T12:03:20.110673+00:00,2026-05-23T04:12:03,2026-06-06T00:00:00,2026-05-21T00:00:00,TESTES RÁPIDOS - LEI 14.133/2021,1770.0,1770.0,83102715000182,MUNICIPIO DE RIO DO OESTE
95991287000175-2-001009/2026,2026-05-30T12:03:20.110673+00:00,2026-05-23T04:12:05,2026-06-06T00:00:00,2026-05-22T00:00:00,PRODUTOS SANEANTES - LEI 14.133/2021,146.88,146.88,95991287000175,MUNICIPIO DE PONTE ALTA DO NORTE
92465210000173-2-000216/2026,2026-05-30T12:03:20.110673+00:00,2026-05-23T04:12:08,2026-06-30T00:00:00,2026-05-22T00:00:00,"Aquisição de eletrodomésticos, utensílios domésticos, mobiliário e equipamentos para secretarias e departamentos. O processo Licitatório é exclusivo às Empresas beneficiárias da LC Nº 123/2006.",1768.2,1768.2,92465210000173,MUNICIPIO DE DOUTOR MAURICIO CARDOSO
92465210000173-2-000217/2026,2026-05-30T12:03:20.110673+00:00,2026-05-23T04:12:12,2026-06-30T00:00:00,2026-05-22T00:00:00,"Aquisição de eletrodomésticos, utensílios domésticos, mobiliário e equipamentos para secretarias e departamentos. O processo Licitatório é exclusivo às Empresas beneficiárias da LC Nº 123/2006.",3400.0,3400.0,92465210000173,MUNICIPIO DE DOUTOR MAURICIO CARDOSO
92465210000173-2-000218/2026,2026-05-30T12:03:20.110673+00:00,2026-05-23T04:12:16,2026-06-30T00:00:00,2026-05-22T00:00:00,"Aquisição de eletrodomésticos, utensílios domésticos, mobiliário e equipamentos para secretarias e departamentos. O processo Licitatório é exclusivo às Empresas beneficiárias da LC Nº 123/2006.",1800.0,1800.0,92465210000173,MUNICIPIO DE DOUTOR MAURICIO CARDOSO
92465210000173-2-000219/2026,2026-05-30T12:03:20.110673+00:00,2026-05-23T04:12:20,2026-06-30T00:00:00,2026-05-22T00:00:00,"Aquisição de eletrodomésticos, utensílios domésticos, mobiliário e equipamentos para secretarias e departamentos. O processo Licitatório é exclusivo às Empresas beneficiárias da LC Nº 123/2006.",3138.8,3138.8,92465210000173,MUNICIPIO DE DOUTOR MAURICIO CARDOSO
83039842000184-2-001465/2026,2026-05-30T12:03:20.110673+00:00,2026-05-23T04:12:39,2026-06-21T00:00:00,2026-05-19T00:00:00,COMPUTADORES - LEI 14.133/2021,14076.0,14076.0,83039842000184,MUNICIPIO DE VIDEIRA
92465210000173-2-000220/2026,2026-05-30T12:03:20.110673+00:00,2026-05-23T04:14:52,2026-06-30T00:00:00,2026-05-22T00:00:00,"Aquisição de eletrodomésticos, utensílios domésticos, mobiliário e equipamentos para secretarias e departamentos. O processo Licitatório é exclusivo às Empresas beneficiárias da LC Nº 123/2006.",3210.15,3210.15,92465210000173,MUNICIPIO DE DOUTOR MAURICIO CARDOSO
83108357000115-2-000800/2026,2026-05-30T12:03:20.110673+00:00,2026-05-23T04:15:02,2026-06-21T00:00:00,2026-05-21T00:00:00,APARELHOS DE AR-CONDICIONADO E CORRELATOS - LEI 14.133/2021,2629.99,2629.99,83108357000115,MUNICIPIO DE BLUMENAU
82925652000100-2-001443/2026,2026-05-30T12:03:20.110673+00:00,2026-05-23T04:15:03,2026-06-06T00:00:00,2026-05-21T00:00:00,MATERIAIS AMBULATORIAIS E INSUMOS HOSPITALARES - LEI 14.133/2021,1632.0,1632.0,82925652000100,MUNICIPIO DE SAO JOAO BATISTA
95995247000100-2-000376/2026,2026-05-30T12:03:20.110673+00:00,2026-05-23T04:15:04,2026-06-06T00:00:00,2026-05-22T00:00:00,"MATERIAIS DE EXPEDIENTE, ESCOLAR E DE ARTESANATO - LEI 14.133/2021",109.41,109.41,95995247000100,MUNICIPIO DE ARVOREDO
83102830000157-2-000893/2026,2026-05-30T12:03:20.110673+00:00,2026-05-23T04:15:54,2026-06-06T00:00:00,2026-05-22T00:00:00,FÓRMULAS E SUPLEMENTOS ALIMENTARES - LEI 14.133/2021,600.0,600.0,83102830000157,MUNICIPIO DE BARRA VELHA
10481963000108-2-000111/2026,2026-05-30T12:03:20.110673+00:00,2026-05-23T04:17:26,2026-06-06T00:00:00,2026-05-21T00:00:00,TESTES RÁPIDOS - LEI 14.133/2021,500.0,500.0,10481963000108,FUNDO MUNICIPAL DE SAUDE
13170158000151-2-000609/2026,2026-05-30T12:03:20.110673+00:00,2026-05-23T04:17:34,2026-06-06T00:00:00,2026-05-19T00:00:00,"MATERIAIS DE EXPEDIENTE, ESCOLAR E DE ARTESANATO - LEI 14.133/2021",307.14,307.14,13170158000151,FUNDO MUN. DE ASSISTENCIA SOCIAL DE JARAGUA DO SUL-FMAS
82916826000160-2-000430/2026,2026-05-30T12:03:20.110673+00:00,2026-05-23T04:17:36,2026-06-06T00:00:00,2026-05-21T00:00:00,PAPÉIS PARA HIGIENE PESSOAL E USO DOMÉSTICO - LEI 14.133/2021,165.0,165.0,82916826000160,MUNICIPIO DE NOVA VENEZA
07854402000100-2-000055/2026,2026-05-30T12:03:20.110673+00:00,2026-05-23T04:17:41,2026-06-21T00:00:00,2026-05-14T00:00:00,PRODUTOS QUÍMICOS PARA TRATAMENTO DE ÁGUA E ESGOTO E REAGENTES DE LABORATÓRIO - LEI 14.133/2021,20000.0,20000.0,07854402000100,EMPRESA MUNICIPAL DE AGUA E SANEAMENTO DE BALNEARIO CAMBORIU
01612387000108-2-000314/2026,2026-05-30T12:03:20.110673+00:00,2026-05-23T04:17:42,2026-06-06T00:00:00,2026-05-22T00:00:00,PRODUTOS SANEANTES - LEI 14.133/2021,314.88,314.88,01612387000108,MUNICIPIO DE ZORTEA
82547274000160-2-000219/2026,2026-05-30T12:03:20.110673+00:00,2026-05-23T04:17:43,2026-06-21T00:00:00,2026-05-21T00:00:00,"EQUIPAMENTOS DE INFORMÁTICA, ELETRÔNICOS E ACESSÓRIOS - LEI 14.133/2021",688.0,688.0,82547274000160,MUNICIPIO DE SAO JOAO DO SUL
95995247000100-2-000377/2026,2026-05-30T12:03:20.110673+00:00,2026-05-23T04:17:49,2026-06-06T00:00:00,2026-05-21T00:00:00,MATERIAIS AMBULATORIAIS E INSUMOS HOSPITALARES - LEI 14.133/2021,383.79,383.79,95995247000100,MUNICIPIO DE ARVOREDO
82939463000188-2-000149/2026,2026-05-30T12:03:20.110673+00:00,2026-05-23T04:17:50,2026-06-06T00:00:00,2026-05-22T00:00:00,"MATERIAIS DE EXPEDIENTE, ESCOLAR E DE ARTESANATO - LEI 14.133/2021",284.0,284.0,82939463000188,MUNICIPIO DE JABORA
11344960000195-2-000306/2026,2026-05-30T12:03:20.110673+00:00,2026-05-23T04:18:39,2026-06-06T00:00:00,2026-05-21T00:00:00,"MEDICAMENTOS, SUPLEMENTOS ALIMENTARES E CORRELATOS - LEI 14.133/2021",309.7,309.7,11344960000195,FUNDO MUNICIPAL DE SAUDE DE GUABIRUBA
82925652000100-2-001444/2026,2026-05-30T12:03:20.110673+00:00,2026-05-23T04:19:05,2026-06-06T00:00:00,2026-05-21T00:00:00,MATERIAIS AMBULATORIAIS E INSUMOS HOSPITALARES - LEI 14.133/2021,6000.0,6000.0,82925652000100,MUNICIPIO DE SAO JOAO BATISTA
83102798000100-2-000183/2026,2026-05-30T12:03:20.110673+00:00,2026-05-23T04:19:07,2026-06-06T00:00:00,2026-05-21T00:00:00,PRODUTOS SANEANTES - LEI 14.133/2021,3630.08,3630.08,83102798000100,MUNICIPIO DE INDAIAL
83102723000129-2-000508/2026,2026-05-30T12:03:20.110673+00:00,2026-05-23T04:19:07,2026-06-06T00:00:00,2026-05-22T00:00:00,MATERIAIS AMBULATORIAIS E INSUMOS HOSPITALARES - LEI 14.133/2021,224.4,224.4,83102723000129,MUNICIPIO DE SALETE
11333647000151-2-000242/2026,2026-05-30T12:03:20.110673+00:00,2026-05-23T04:19:08,2026-06-06T00:00:00,2026-05-22T00:00:00,TESTES RÁPIDOS - LEI 14.133/2021,1000.0,1000.0,11333647000151,FUNDO MUNICIPAL DE SAUDE
10565436000181-2-000544/2026,2026-05-30T12:03:20.110673+00:00,2026-05-23T04:19:09,2026-06-06T00:00:00,2026-05-22T00:00:00,MATERIAIS AMBULATORIAIS E INSUMOS HOSPITALARES - LEI 14.133/2021,162.8,162.8,10565436000181,FUNDO MUNICIPAL DE SAUDE  - FMS DE SAO LUDGERO
82928698000174-2-000396/2026,2026-05-30T12:03:20.110673+00:00,2026-05-23T04:20:21,2026-06-21T00:00:00,2026-05-19T00:00:00,COMPUTADORES - LEI 14.133/2021,3519.0,3519.0,82928698000174,MUNICIPIO DE JAGUARUNA
85997237000141-2-001184/2026,2026-05-30T12:03:20.110673+00:00,2026-05-23T04:20:32,2026-06-21T00:00:00,2026-05-22T00:00:00,EQUIPAMENTOS DE PROTEÇÃO INDIVIDUAL E COLETIVA - LEI 14.133/2021,3300.0,3300.0,85997237000141,MUNICIPIO DE SANTA CECILIA
11436906000170-2-000461/2026,2026-05-30T12:03:20.110673+00:00,2026-05-23T04:20:33,2026-06-06T00:00:00,2026-05-22T00:00:00,SOLUÇÕES FISIOLÓGICAS - LEI 14.133/2021,7226.4,7226.4,11436906000170,FUNDO MUNICIPAL DE SAUDE DE GASPAR
95990198000104-2-000648/2026,2026-05-30T12:03:20.110673+00:00,2026-05-23T04:21:54,2026-06-06T00:00:00,2026-05-22T00:00:00,PRODUTOS SANEANTES - LEI 14.133/2021,146.88,146.88,95990198000104,MUNICIPIO DE CORDILHEIRA ALTA
11436906000170-2-000462/2026,2026-05-30T12:03:20.110673+00:00,2026-05-23T04:21:55,2026-06-06T00:00:00,2026-05-21T00:00:00,MATERIAIS AMBULATORIAIS E INSUMOS HOSPITALARES - LEI 14.133/2021,636.48,636.48,11436906000170,FUNDO MUNICIPAL DE SAUDE DE GASPAR
83102418000137-2-000900/2026,2026-05-30T12:03:20.110673+00:00,2026-05-23T04:21:56,2026-06-21T00:00:00,2026-05-22T00:00:00,CELULARES E SMARTPHONES - LEI 14.133/2021,673.0,673.0,83102418000137,MUNICIPIO DE IBIRAMA
11643598000153-2-000048/2026,2026-05-30T12:03:20.110673+00:00,2026-05-23T04:21:56,2026-06-06T00:00:00,2026-05-21T00:00:00,PRODUTOS SANEANTES - LEI 14.133/2021,185.52,185.52,11643598000153,FUNDO MUNICIPAL DE ASSISTENCIA SOCIAL BELA VISTA DO TOLDO
83108357000115-2-000801/2026,2026-05-30T12:03:20.110673+00:00,2026-05-23T04:21:57,2026-06-06T00:00:00,2026-05-22T00:00:00,"MATERIAIS DE EXPEDIENTE, ESCOLAR E DE ARTESANATO - LEI 14.133/2021",383.4,383.4,83108357000115,MUNICIPIO DE BLUMENAU
85997237000141-2-001185/2026,2026-05-30T12:03:20.110673+00:00,2026-05-23T04:21:58,2026-06-21T00:00:00,2026-05-21T00:00:00,"EQUIPAMENTOS DE INFORMÁTICA, ELETRÔNICOS E ACESSÓRIOS - LEI 14.133/2021",319.0,319.0,85997237000141,MUNICIPIO DE SANTA CECILIA
11436906000170-2-000463/2026,2026-05-30T12:03:20.110673+00:00,2026-05-23T04:22:11,2026-06-06T00:00:00,2026-05-21T00:00:00,PRODUTOS SANEANTES - LEI 14.133/2021,216.0,216.0,11436906000170,FUNDO MUNICIPAL DE SAUDE DE GASPAR
11436906000170-2-000464/2026,2026-05-30T12:03:20.110673+00:00,2026-05-23T04:22:12,2026-06-06T00:00:00,2026-05-21T00:00:00,PRODUTOS SANEANTES - LEI 14.133/2021,1484.16,1484.16,11436906000170,FUNDO MUNICIPAL DE SAUDE DE GASPAR
11436906000170-2-000465/2026,2026-05-30T12:03:20.110673+00:00,2026-05-23T04:22:13,2026-06-06T00:00:00,2026-05-22T00:00:00,ÁLCOOL EM GEL E LÍQUIDO  - LEI 14.133/2021,3234.0,3234.0,11436906000170,FUNDO MUNICIPAL DE SAUDE DE GASPAR
10396929000135-2-000378/2026,2026-05-30T12:03:20.110673+00:00,2026-05-23T04:22:14,2026-06-06T00:00:00,2026-05-20T00:00:00,SOLUÇÕES FISIOLÓGICAS - LEI 14.133/2021,2352.0,2352.0,10396929000135,FUNDO MUNICIPAL DE SAUDE DE XANXERE
13170158000151-2-000610/2026,2026-05-30T12:03:20.110673+00:00,2026-05-23T04:22:20,2026-06-06T00:00:00,2026-05-22T00:00:00,ALIMENTOS NÃO PERECÍVEIS E CORRELATOS - LEI 14.133/2021,119.8,119.8,13170158000151,FUNDO MUN. DE ASSISTENCIA SOCIAL DE JARAGUA DO SUL-FMAS
10540697000147-2-000290/2026,2026-05-30T12:03:20.110673+00:00,2026-05-23T04:22:22,2026-06-06T00:00:00,2026-05-20T00:00:00,MATERIAIS AMBULATORIAIS E INSUMOS HOSPITALARES - LEI 14.133/2021,5250.0,5250.0,10540697000147,FUNDO MUNICIPAL DE SAUDE DE FORQUILHINHA
83102400000135-2-000274/2026,2026-05-30T12:03:20.110673+00:00,2026-05-23T04:22:29,2026-06-21T00:00:00,2026-05-22T00:00:00,"EQUIPAMENTOS DE INFORMÁTICA, ELETRÔNICOS E CORRELATOS - LEI 14.133/2021 (RENOVADO)",250.0,250.0,83102400000135,MUNICIPIO DE TRES BARRAS
82930181000110-2-000705/2026,2026-05-30T12:03:20.110673+00:00,2026-05-23T04:22:30,2026-06-06T00:00:00,2026-05-22T00:00:00,ALIMENTOS NÃO PERECÍVEIS E CORRELATOS - LEI 14.133/2021,351.0,351.0,82930181000110,MUNICIPIO DE URUSSANGA
82930181000110-2-000706/2026,2026-05-30T12:03:20.110673+00:00,2026-05-23T04:22:31,2026-06-21T00:00:00,2026-05-22T00:00:00,MÓVEIS PARA ESCRITÓRIO - LEI 14.133/2021,1980.0,1980.0,82930181000110,MUNICIPIO DE URUSSANGA
83021857000115-2-000682/2026,2026-05-30T12:03:20.110673+00:00,2026-05-23T04:22:32,2026-06-21T00:00:00,2026-05-21T00:00:00,CELULARES E SMARTPHONES - LEI 14.133/2021,11299.0,11299.0,83021857000115,MUNICIPIO DE PINHALZINHO
82930181000110-2-000707/2026,2026-05-30T12:03:20.110673+00:00,2026-05-23T04:22:34,2026-06-21T00:00:00,2026-05-22T00:00:00,MÓVEIS PARA ESCRITÓRIO - LEI 14.133/2021,725.0,725.0,82930181000110,MUNICIPIO DE URUSSANGA
83102830000157-2-000894/2026,2026-05-30T12:03:20.110673+00:00,2026-05-23T04:22:36,2026-06-06T00:00:00,2026-05-20T00:00:00,"MEDICAMENTOS, SUPLEMENTOS ALIMENTARES E CORRELATOS - LEI 14.133/2021",1389.99,1389.99,83102830000157,MUNICIPIO DE BARRA VELHA
83102830000157-2-000895/2026,2026-05-30T12:03:20.110673+00:00,2026-05-23T04:22:38,2026-06-06T00:00:00,2026-05-21T00:00:00,"MEDICAMENTOS, SUPLEMENTOS ALIMENTARES E CORRELATOS - LEI 14.133/2021",2791.242,2791.242,83102830000157,MUNICIPIO DE BARRA VELHA
82925652000100-2-001445/2026,2026-05-30T12:03:20.110673+00:00,2026-05-23T04:22:42,2026-07-21T00:00:00,2026-05-22T00:00:00,"EQUIPAMENTOS MÉDICO HOSPITALARES, ODONTOLÓGICOS E DE FISIOTERAPIA - LEI 14.133/2021 (RENOVADO)",1615.0,1615.0,82925652000100,MUNICIPIO DE SAO JOAO BATISTA
13170158000151-2-000611/2026,2026-05-30T12:03:20.110673+00:00,2026-05-23T04:22:44,2026-07-21T00:00:00,2026-05-22T00:00:00,COMPUTADORES CORPORATIVOS E SERVIDORES - LEI 14.133/2021,9350.36,9350.36,13170158000151,FUNDO MUN. DE ASSISTENCIA SOCIAL DE JARAGUA DO SUL-FMAS
13170158000151-2-000612/2026,2026-05-30T12:03:20.110673+00:00,2026-05-23T04:22:46,2026-06-21T00:00:00,2026-05-22T00:00:00,MONITORES - LEI 14.133/2021,1290.0,1290.0,13170158000151,FUNDO MUN. DE ASSISTENCIA SOCIAL DE JARAGUA DO SUL-FMAS
82925652000100-2-001446/2026,2026-05-30T12:03:20.110673+00:00,2026-05-23T04:22:54,2026-06-06T00:00:00,2026-05-21T00:00:00,MATERIAIS AMBULATORIAIS E INSUMOS HOSPITALARES - LEI 14.133/2021,121.6,121.6,82925652000100,MUNICIPIO DE SAO JOAO BATISTA
82925652000100-2-001447/2026,2026-05-30T12:03:20.110673+00:00,2026-05-23T04:22:54,2026-06-06T00:00:00,2026-05-21T00:00:00,MATERIAIS AMBULATORIAIS E INSUMOS HOSPITALARES - LEI 14.133/2021,767.1,767.1,82925652000100,MUNICIPIO DE SAO JOAO BATISTA
82925652000100-2-001448/2026,2026-05-30T12:03:20.110673+00:00,2026-05-23T04:22:55,2026-06-06T00:00:00,2026-05-21T00:00:00,MATERIAIS AMBULATORIAIS E INSUMOS HOSPITALARES - LEI 14.133/2021,6300.0,6300.0,82925652000100,MUNICIPIO DE SAO JOAO BATISTA
08289417000128-2-000360/2026,2026-05-30T12:03:20.110673+00:00,2026-05-23T04:23:04,2026-06-21T00:00:00,2026-05-22T00:00:00,"ARTIGOS MÉDICO HOSPITALARES, ODONTOLÓGICOS E DE FISIOTERAPIA - LEI 14.133/2021",284.88,284.88,08289417000128,FUNDO MUNICIPAL DE SAUDE DE PAULO LOPES
82928680000172-2-000288/2026,2026-05-30T12:03:20.110673+00:00,2026-05-23T04:24:11,2026-06-06T00:00:00,2026-05-21T00:00:00,PRODUTOS SANEANTES - LEI 14.133/2021,660.0,660.0,82928680000172,MUNICIPIO DE PEDRAS GRANDES
01941360000150-2-000310/2026,2026-05-30T12:03:20.110673+00:00,2026-05-23T04:24:11,2026-06-06T00:00:00,2026-05-22T00:00:00,"MEDICAMENTOS, SUPLEMENTOS ALIMENTARES E CORRELATOS - LEI 14.133/2021",178.5,178.5,01941360000150,FUNDO MUNICIPAL DE SAUDE
01941360000150-2-000311/2026,2026-05-30T12:03:20.110673+00:00,2026-05-23T04:24:13,2026-06-06T00:00:00,2026-05-21T00:00:00,"MEDICAMENTOS, SUPLEMENTOS ALIMENTARES E CORRELATOS - LEI 14.133/2021",4910.25,4910.25,01941360000150,FUNDO MUNICIPAL DE SAUDE
82926569000147-2-000362/2026,2026-05-30T12:03:20.110673+00:00,2026-05-23T04:25:00,2026-06-06T00:00:00,2026-05-21T00:00:00,"MEDICAMENTOS, SUPLEMENTOS ALIMENTARES E CORRELATOS - LEI 14.133/2021",5365.0,5365.0,82926569000147,MUNICIPIO DE GRAVATAL
01612844000156-2-000089/2026,2026-05-30T12:03:20.110673+00:00,2026-05-23T04:27:57,2026-06-06T00:00:00,2026-05-21T00:00:00,PRODUTOS SANEANTES - LEI 14.133/2021,1361.28,1361.28,01612844000156,MUNICIPIO DE SALTINHO
80989965000198-2-000305/2026,2026-05-30T12:03:20.110673+00:00,2026-05-23T04:27:58,2026-06-06T00:00:00,2026-05-22T00:00:00,PRODUTOS DE HIGIENE E USO PESSOAL - LEI 14.133/2021,387.0,387.0,80989965000198,MUNICIPIO DE SANTA ROSA DO SUL
80989965000198-2-000306/2026,2026-05-30T12:03:20.110673+00:00,2026-05-23T04:27:59,2026-06-06T00:00:00,2026-05-20T00:00:00,MATERIAIS PARA HIGIENIZAÇÃO E LIMPEZA - LEI 14.133/2021,142.5,142.5,80989965000198,MUNICIPIO DE SANTA ROSA DO SUL
01612844000156-2-000090/2026,2026-05-30T12:03:20.110673+00:00,2026-05-23T04:28:00,2026-06-06T00:00:00,2026-05-18T00:00:00,MATERIAIS PARA HIGIENIZAÇÃO E LIMPEZA - LEI 14.133/2021,674.0,674.0,01612844000156,MUNICIPIO DE SALTINHO
83102830000157-2-000896/2026,2026-05-30T12:03:20.110673+00:00,2026-05-23T04:28:01,2026-06-06T00:00:00,2026-05-22T00:00:00,"MEDICAMENTOS, SUPLEMENTOS ALIMENTARES E CORRELATOS - LEI 14.133/2021",648.33,648.33,83102830000157,MUNICIPIO DE BARRA VELHA
83102293000145-2-001181/2026,2026-05-30T12:03:20.110673+00:00,2026-05-23T04:28:01,2026-06-06T00:00:00,2026-05-18T00:00:00,MATERIAIS PARA HIGIENIZAÇÃO E LIMPEZA - LEI 14.133/2021,469.0,469.0,83102293000145,MUNICIPIO DE CAMBORIU
80989965000198-2-000307/2026,2026-05-30T12:03:20.110673+00:00,2026-05-23T04:29:22,2026-06-06T00:00:00,2026-05-22T00:00:00,PAPÉIS PARA HIGIENE PESSOAL E USO DOMÉSTICO (COMPLEMENTAR) - LEI 14.133/2021,649.8,649.8,80989965000198,MUNICIPIO DE SANTA ROSA DO SUL
80989965000198-2-000308/2026,2026-05-30T12:03:20.110673+00:00,2026-05-23T04:29:22,2026-06-06T00:00:00,2026-05-20T00:00:00,PAPÉIS PARA HIGIENE PESSOAL E USO DOMÉSTICO - LEI 14.133/2021,448.9,448.9,80989965000198,MUNICIPIO DE SANTA ROSA DO SUL
95995130000118-2-000660/2026,2026-05-30T12:03:20.110673+00:00,2026-05-23T04:29:23,2026-06-06T00:00:00,2026-05-22T00:00:00,"CADERNOS, PAPÉIS E CORRELATOS - LEI 14.133/2021",524.8,524.8,95995130000118,MUNICIPIO DE VARGEM
82804212000196-2-000460/2026,2026-05-30T12:03:20.110673+00:00,2026-05-23T04:29:29,2026-06-06T00:00:00,2026-05-22T00:00:00,MATERIAIS AMBULATORIAIS E INSUMOS HOSPITALARES - LEI 14.133/2021,903.05,903.05,82804212000196,MUNICIPIO DE AGUAS DE CHAPECO
80989965000198-2-000309/2026,2026-05-30T12:03:20.110673+00:00,2026-05-23T04:30:04,2026-06-06T00:00:00,2026-05-22T00:00:00,PRODUTOS SANEANTES - LEI 14.133/2021,146.88,146.88,80989965000198,MUNICIPIO DE SANTA ROSA DO SUL
13170158000151-2-000613/2026,2026-05-30T12:03:20.110673+00:00,2026-05-23T04:30:45,2026-06-06T00:00:00,2026-05-22T00:00:00,"MATERIAIS DE EXPEDIENTE, ESCOLAR E DE ARTESANATO - LEI 14.133/2021",106.84,106.84,13170158000151,FUNDO MUN. DE ASSISTENCIA SOCIAL DE JARAGUA DO SUL-FMAS
83102335000148-2-000518/2026,2026-05-30T12:03:20.110673+00:00,2026-05-23T04:30:46,2026-06-06T00:00:00,2026-05-22T00:00:00,"CADERNOS, PAPÉIS E CORRELATOS - LEI 14.133/2021",6600.0,6600.0,83102335000148,MUNICIPIO DE BALNEARIO DE PICARRAS
11391482000174-2-000360/2026,2026-05-30T12:03:20.110673+00:00,2026-05-23T04:30:47,2026-06-06T00:00:00,2026-05-22T00:00:00,"MATERIAIS DE EXPEDIENTE, ESCOLAR E DE ARTESANATO - LEI 14.133/2021",299.0,299.0,11391482000174,FUNDO MUNICIPAL DE SAUDE DO MUNICIPIO DE BOM JESUS
11436906000170-2-000466/2026,2026-05-30T12:03:20.110673+00:00,2026-05-23T04:30:48,2026-06-06T00:00:00,2026-05-21T00:00:00,CURATIVOS PARA TRATAMENTO DE FERIDAS - LEI 14.133/2021,898.92,898.92,11436906000170,FUNDO MUNICIPAL DE SAUDE DE GASPAR
11436906000170-2-000467/2026,2026-05-30T12:03:20.110673+00:00,2026-05-23T04:30:48,2026-06-06T00:00:00,2026-05-21T00:00:00,CURATIVOS PARA TRATAMENTO DE FERIDAS - LEI 14.133/2021,740.0,740.0,11436906000170,FUNDO MUNICIPAL DE SAUDE DE GASPAR
10540697000147-2-000291/2026,2026-05-30T12:03:20.110673+00:00,2026-05-23T04:30:49,2026-06-06T00:00:00,2026-05-22T00:00:00,"MEDICAMENTOS, SUPLEMENTOS ALIMENTARES E CORRELATOS - LEI 14.133/2021",214.8,214.8,10540697000147,FUNDO MUNICIPAL DE SAUDE DE FORQUILHINHA
10540697000147-2-000292/2026,2026-05-30T12:03:20.110673+00:00,2026-05-23T04:30:58,2026-06-06T00:00:00,2026-05-21T00:00:00,"MEDICAMENTOS, SUPLEMENTOS ALIMENTARES E CORRELATOS - LEI 14.133/2021",1775.0,1775.0,10540697000147,FUNDO MUNICIPAL DE SAUDE DE FORQUILHINHA
83102418000137-2-000901/2026,2026-05-30T12:03:20.110673+00:00,2026-05-23T04:31:04,2026-06-21T00:00:00,2026-05-19T00:00:00,COMPUTADORES - LEI 14.133/2021,3519.0,3519.0,83102418000137,MUNICIPIO DE IBIRAMA
83102830000157-2-000897/2026,2026-05-30T12:03:20.110673+00:00,2026-05-23T04:31:05,2026-06-06T00:00:00,2026-05-21T00:00:00,"MEDICAMENTOS, SUPLEMENTOS ALIMENTARES E CORRELATOS - LEI 14.133/2021",560.0,560.0,83102830000157,MUNICIPIO DE BARRA VELHA
83024505000113-2-000789/2026,2026-05-30T12:03:20.110673+00:00,2026-05-23T04:31:06,2026-06-06T00:00:00,2026-05-22T00:00:00,"MATERIAIS DE EXPEDIENTE, ESCOLAR E DE ARTESANATO - LEI 14.133/2021",100.8,100.8,83024505000113,MUNICIPIO DE SEARA
82925652000100-2-001449/2026,2026-05-30T12:03:20.110673+00:00,2026-05-23T04:31:07,2026-06-06T00:00:00,2026-05-21T00:00:00,MATERIAIS AMBULATORIAIS E INSUMOS HOSPITALARES - LEI 14.133/2021,930.0,930.0,82925652000100,MUNICIPIO DE SAO JOAO BATISTA
83102293000145-2-001182/2026,2026-05-30T12:03:20.110673+00:00,2026-05-23T04:31:07,2026-06-06T00:00:00,2026-05-21T00:00:00,PRODUTOS SANEANTES - LEI 14.133/2021,132.48,132.48,83102293000145,MUNICIPIO DE CAMBORIU
82916826000160-2-000431/2026,2026-05-30T12:03:20.110673+00:00,2026-05-23T04:31:14,2026-06-06T00:00:00,2026-05-22T00:00:00,ÁGUAS MINERAIS - LEI 14.133/2021,912.0,912.0,82916826000160,MUNICIPIO DE NOVA VENEZA
82928656000133-2-000312/2026,2026-05-30T12:03:20.110673+00:00,2026-05-23T04:31:20,2026-06-21T00:00:00,2026-05-21T00:00:00,"EQUIPAMENTOS DE INFORMÁTICA, ELETRÔNICOS E ACESSÓRIOS - LEI 14.133/2021",469.99,469.99,82928656000133,MUNICIPIO DE TUBARAO
82925652000100-2-001450/2026,2026-05-30T12:03:20.110673+00:00,2026-05-23T04:31:21,2026-06-06T00:00:00,2026-05-21T00:00:00,MATERIAIS AMBULATORIAIS E INSUMOS HOSPITALARES - LEI 14.133/2021,179.8,179.8,82925652000100,MUNICIPIO DE SAO JOAO BATISTA
83102384000180-2-001302/2026,2026-05-30T12:03:20.110673+00:00,2026-05-23T04:31:22,2026-06-21T00:00:00,2026-05-22T00:00:00,ELETRODOMÉSTICOS E CORRELATOS - LEI 14.133/2021,1815.0,1815.0,83102384000180,MUNICIPIO DE CANOINHAS
82939414000145-2-000838/2026,2026-05-30T12:03:20.110673+00:00,2026-05-23T04:31:23,2026-06-06T00:00:00,2026-05-22T00:00:00,MATERIAIS AMBULATORIAIS E INSUMOS HOSPITALARES - LEI 14.133/2021,222.37,222.37,82939414000145,MUNICIPIO DE CATANDUVAS
01612836000100-2-000352/2026,2026-05-30T12:03:20.110673+00:00,2026-05-23T04:31:25,2026-06-06T00:00:00,2026-05-21T00:00:00,"MEDICAMENTOS, SUPLEMENTOS ALIMENTARES E CORRELATOS - LEI 14.133/2021",1494.66,1494.66,01612836000100,MUNICIPIO DE PRINCESA
82892324000146-2-000323/2026,2026-05-30T12:03:20.110673+00:00,2026-05-23T04:31:27,2026-06-06T00:00:00,2026-05-22T00:00:00,FÓRMULAS E SUPLEMENTOS ALIMENTARES - LEI 14.133/2021,18180.0,18180.0,82892324000146,MUNICIPIO DE SANTO AMARO DA IMPERATRIZ
13886006000150-2-000220/2026,2026-05-30T12:03:20.110673+00:00,2026-05-23T04:31:27,2026-06-06T00:00:00,2026-05-21T00:00:00,TESTES RÁPIDOS - LEI 14.133/2021,1000.0,1000.0,13886006000150,FUNDO MUNICIPAL DE SAUDE DE QUILOMBO
83102434000120-2-000364/2026,2026-05-30T12:03:20.110673+00:00,2026-05-23T04:34:28,2026-06-06T00:00:00,2026-05-21T00:00:00,"MEDICAMENTOS, SUPLEMENTOS ALIMENTARES E CORRELATOS - LEI 14.133/2021",7369.97,7369.97,83102434000120,MUNICIPIO DE PRESIDENTE GETULIO
83102434000120-2-000365/2026,2026-05-30T12:03:20.110673+00:00,2026-05-23T04:34:29,2026-06-06T00:00:00,2026-05-21T00:00:00,"MEDICAMENTOS, SUPLEMENTOS ALIMENTARES E CORRELATOS - LEI 14.133/2021",336.0,336.0,83102434000120,MUNICIPIO DE PRESIDENTE GETULIO
82892324000146-2-000324/2026,2026-05-30T12:03:20.110673+00:00,2026-05-23T04:34:30,2026-06-06T00:00:00,2026-05-20T00:00:00,MATERIAIS AMBULATORIAIS E INSUMOS HOSPITALARES - LEI 14.133/2021,27650.0,27650.0,82892324000146,MUNICIPIO DE SANTO AMARO DA IMPERATRIZ
83024505000113-2-000790/2026,2026-05-30T12:03:20.110673+00:00,2026-05-23T04:34:32,2026-06-06T00:00:00,2026-05-22T00:00:00,MATERIAIS PARA HIGIENIZAÇÃO E LIMPEZA - LEI 14.133/2021,221.4,221.4,83024505000113,MUNICIPIO DE SEARA
83009902000116-2-000118/2026,2026-05-30T12:03:20.110673+00:00,2026-05-23T04:34:51,2026-06-06T00:00:00,2026-05-22T00:00:00,MATERIAIS PARA HIGIENIZAÇÃO E LIMPEZA - LEI 14.133/2021,2903.0,2903.0,83009902000116,MUNICIPIO DE GALVAO
83102434000120-2-000366/2026,2026-05-30T12:03:20.110673+00:00,2026-05-23T04:35:32,2026-06-06T00:00:00,2026-05-21T00:00:00,"MEDICAMENTOS, SUPLEMENTOS ALIMENTARES E CORRELATOS - LEI 14.133/2021",8131.344,8131.344,83102434000120,MUNICIPIO DE PRESIDENTE GETULIO
78509072000156-2-000463/2026,2026-05-30T12:03:20.110673+00:00,2026-05-23T04:36:03,2026-06-06T00:00:00,2026-05-22T00:00:00,MATERIAIS AMBULATORIAIS E INSUMOS HOSPITALARES - LEI 14.133/2021,380.0,380.0,78509072000156,MUNICIPIO DE MAREMA
83074302000131-2-001552/2026,2026-05-30T12:03:20.110673+00:00,2026-05-23T04:36:03,2026-06-21T00:00:00,2026-05-19T00:00:00,COMPUTADORES - LEI 14.133/2021,8697.0,8697.0,83074302000131,MUNICIPIO DE CACADOR
83074302000131-2-001553/2026,2026-05-30T12:03:20.110673+00:00,2026-05-23T04:36:04,2026-06-21T00:00:00,2026-05-19T00:00:00,COMPUTADORES - LEI 14.133/2021,11596.0,11596.0,83074302000131,MUNICIPIO DE CACADOR
82928672000126-2-000496/2026,2026-05-30T12:03:20.110673+00:00,2026-05-23T04:36:05,2026-06-06T00:00:00,2026-05-20T00:00:00,MATERIAIS PARA HIGIENIZAÇÃO E LIMPEZA - LEI 14.133/2021,106.2,106.2,82928672000126,MUNICIPIO DE TREZE DE MAIO
95993085000162-2-000474/2026,2026-05-30T12:03:20.110673+00:00,2026-05-23T04:36:07,2026-06-06T00:00:00,2026-05-21T00:00:00,PRODUTOS SANEANTES - LEI 14.133/2021,264.0,264.0,95993085000162,MUNICIPIO DE PASSOS MAIA
13509695000183-2-000007/2026,2026-05-30T12:03:20.110673+00:00,2026-05-23T04:36:09,2026-06-06T00:00:00,2026-05-22T00:00:00,PAPÉIS PARA HIGIENE PESSOAL E USO DOMÉSTICO - LEI 14.133/2021,491.7,491.7,13509695000183,FUNDO MUNICIPAL DE ASSISTENCIA SOCIAL DE GALVAO
11888327000168-2-000488/2026,2026-05-30T12:03:20.110673+00:00,2026-05-23T04:36:16,2026-06-06T00:00:00,2026-05-21T00:00:00,"MEDICAMENTOS, SUPLEMENTOS ALIMENTARES E CORRELATOS - LEI 14.133/2021",2176.38,2176.38,11888327000168,FUNDO MUNICIPAL DE SAUDE DE SAO DOMINGOS
78509072000156-2-000464/2026,2026-05-30T12:03:20.110673+00:00,2026-05-23T04:36:17,2026-06-06T00:00:00,2026-05-22T00:00:00,PAPÉIS PARA HIGIENE PESSOAL E USO DOMÉSTICO (COMPLEMENTAR) - LEI 14.133/2021,1299.4,1299.4,78509072000156,MUNICIPIO DE MAREMA
82930181000110-2-000708/2026,2026-05-30T12:03:20.110673+00:00,2026-05-23T04:36:17,2026-06-06T00:00:00,2026-05-22T00:00:00,MATERIAIS PARA HIGIENIZAÇÃO E LIMPEZA - LEI 14.133/2021,322.5,322.5,82930181000110,MUNICIPIO DE URUSSANGA
82930181000110-2-000709/2026,2026-05-30T12:03:20.110673+00:00,2026-05-23T04:37:32,2026-06-06T00:00:00,2026-05-22T00:00:00,MATERIAIS AMBULATORIAIS E INSUMOS HOSPITALARES - LEI 14.133/2021,793.0,793.0,82930181000110,MUNICIPIO DE URUSSANGA
82925652000100-2-001451/2026,2026-05-30T12:03:20.110673+00:00,2026-05-23T04:37:33,2026-06-06T00:00:00,2026-05-21T00:00:00,MATERIAIS AMBULATORIAIS E INSUMOS HOSPITALARES - LEI 14.133/2021,849.25,849.25,82925652000100,MUNICIPIO DE SAO JOAO BATISTA
82925652000100-2-001452/2026,2026-05-30T12:03:20.110673+00:00,2026-05-23T04:37:34,2026-06-06T00:00:00,2026-05-21T00:00:00,MATERIAIS AMBULATORIAIS E INSUMOS HOSPITALARES - LEI 14.133/2021,9126.0,9126.0,82925652000100,MUNICIPIO DE SAO JOAO BATISTA
82925652000100-2-001453/2026,2026-05-30T12:03:20.110673+00:00,2026-05-23T04:37:35,2026-06-06T00:00:00,2026-05-21T00:00:00,MATERIAIS AMBULATORIAIS E INSUMOS HOSPITALARES - LEI 14.133/2021,424.0,424.0,82925652000100,MUNICIPIO DE SAO JOAO BATISTA
82925652000100-2-001454/2026,2026-05-30T12:03:20.110673+00:00,2026-05-23T04:37:36,2026-06-06T00:00:00,2026-05-21T00:00:00,MATERIAIS AMBULATORIAIS E INSUMOS HOSPITALARES - LEI 14.133/2021,286.7,286.7,82925652000100,MUNICIPIO DE SAO JOAO BATISTA
82572207000103-2-000271/2026,2026-05-30T12:03:20.110673+00:00,2026-05-23T04:38:05,2026-06-06T00:00:00,2026-05-21T00:00:00,"MATERIAIS DE EXPEDIENTE, ESCOLAR E DE ARTESANATO - LEI 14.133/2021",1200.0,1200.0,82572207000103,MUNICIPIO DE ITAPEMA
95954509000180-2-000299/2026,2026-05-30T12:03:20.110673+00:00,2026-05-23T04:38:09,2026-06-06T00:00:00,2026-05-19T00:00:00,MATERIAIS PARA HIGIENIZAÇÃO E LIMPEZA - LEI 14.133/2021,956.0,956.0,95954509000180,MUNICIPIO DE BALNEARIO BARRA DO SUL
83754044000134-2-001533/2026,2026-05-30T12:03:20.110673+00:00,2026-05-23T04:38:13,2026-06-06T00:00:00,2026-05-22T00:00:00,ALIMENTOS NÃO PERECÍVEIS E CORRELATOS - LEI 14.133/2021,101.85,101.85,83754044000134,MUNICIPIO DE CURITIBANOS
